# Differences settled by hand (benches/reasoning/dl/README.md, Adjudication).
# test/task<TAB>reasoner<TAB>result<TAB>why
bnode2somevaluesfrom/entailment	elk	not-entailed	ELK 0.6 ignores a construct outside its EL fragment: it is complete for its own EL fragment only
Datatype-DataComplementOf-001/consistency	konclude	inconsistent	Konclude answers inconsistent; the approved test and hermit, openllet say consistent: a Konclude 0.7.0-1138 error (its own answer, not the harness's: reproduced on minimal ontologies, e.g. an irreflexive property with a self-loop assertion comes out consistent while functional-property and domain clashes come out inconsistent)
Datatype-Float-Discrete-001/consistency	konclude	consistent	Konclude answers consistent; the approved test and hermit, openllet say inconsistent: a Konclude 0.7.0-1138 error (its own answer, not the harness's: reproduced on minimal ontologies, e.g. an irreflexive property with a self-loop assertion comes out consistent while functional-property and domain clashes come out inconsistent)
FS2RDF-equivalent-classes-3-annotation-ar/consistency	elk	parse-error	the OWL API rejects the test's RDF/XML (a known error in the test data: markup in a literal with rdf:datatype)
FS2RDF-equivalent-classes-3-annotation-ar/consistency	hermit	parse-error	the OWL API rejects the test's RDF/XML (a known error in the test data: markup in a literal with rdf:datatype)
FS2RDF-equivalent-classes-3-annotation-ar/consistency	konclude	parse-error	the OWL API rejects the test's RDF/XML (a known error in the test data: markup in a literal with rdf:datatype)
FS2RDF-equivalent-classes-3-annotation-ar/consistency	openllet	parse-error	the OWL API rejects the test's RDF/XML (a known error in the test data: markup in a literal with rdf:datatype)
Footnote-not-about-self/consistency	konclude	consistent	Konclude answers consistent; the approved test and hermit, openllet say inconsistent: a Konclude 0.7.0-1138 error (its own answer, not the harness's: reproduced on minimal ontologies, e.g. an irreflexive property with a self-loop assertion comes out consistent while functional-property and domain clashes come out inconsistent)
Inconsistent Disjoint Dataproperties/consistency	konclude	consistent	Konclude answers consistent; the approved test and hermit, openllet say inconsistent: a Konclude 0.7.0-1138 error (its own answer, not the harness's: reproduced on minimal ontologies, e.g. an irreflexive property with a self-loop assertion comes out consistent while functional-property and domain clashes come out inconsistent)
Inconsistent String Pattern with Disjoint Dataproperties/consistency	konclude	consistent	Konclude answers consistent; the approved test and hermit say inconsistent: a Konclude 0.7.0-1138 error (its own answer, not the harness's: reproduced on minimal ontologies, e.g. an irreflexive property with a self-loop assertion comes out consistent while functional-property and domain clashes come out inconsistent)
Inconsistent String Pattern with Disjoint Dataproperties/consistency	openllet	consistent	Openllet answers consistent; the approved test and hermit say inconsistent: an Openllet 2.6.5 error
Minus Infinity is not in owl:real/consistency	konclude	consistent	Konclude answers consistent; the approved test and hermit, openllet say inconsistent: a Konclude 0.7.0-1138 error (its own answer, not the harness's: reproduced on minimal ontologies, e.g. an irreflexive property with a self-loop assertion comes out consistent while functional-property and domain clashes come out inconsistent)
New-Feature-AsymmetricProperty-001/consistency	konclude	consistent	Konclude answers consistent; the approved test and hermit, openllet say inconsistent: a Konclude 0.7.0-1138 error (its own answer, not the harness's: reproduced on minimal ontologies, e.g. an irreflexive property with a self-loop assertion comes out consistent while functional-property and domain clashes come out inconsistent)
New-Feature-BottomDataProperty-001/consistency	elk	consistent	ELK 0.6 ignores owl:bottomDataProperty: it is complete for its own EL fragment only
New-Feature-BottomObjectProperty-001/consistency	elk	consistent	ELK 0.6 ignores owl:bottomObjectProperty: it is complete for its own EL fragment only
New-Feature-BottomObjectProperty-001/consistency	konclude	consistent	Konclude answers consistent; the approved test and hermit, openllet say inconsistent: a Konclude 0.7.0-1138 error (its own answer, not the harness's: reproduced on minimal ontologies, e.g. an irreflexive property with a self-loop assertion comes out consistent while functional-property and domain clashes come out inconsistent)
New-Feature-DisjointDataProperties-001/consistency	konclude	consistent	Konclude answers consistent; the approved test and hermit, openllet say inconsistent: a Konclude 0.7.0-1138 error (its own answer, not the harness's: reproduced on minimal ontologies, e.g. an irreflexive property with a self-loop assertion comes out consistent while functional-property and domain clashes come out inconsistent)
New-Feature-DisjointDataProperties-002/entailment	openllet	not-entailed	Openllet answers not-entailed; the approved test and hermit say entailed: an Openllet 2.6.5 error
New-Feature-IrreflexiveProperty-001/consistency	konclude	consistent	Konclude answers consistent; the approved test and hermit, openllet say inconsistent: a Konclude 0.7.0-1138 error (its own answer, not the harness's: reproduced on minimal ontologies, e.g. an irreflexive property with a self-loop assertion comes out consistent while functional-property and domain clashes come out inconsistent)
New-Feature-Keys-001/entailment	elk	not-entailed	ELK 0.6 ignores keys (HasKey): it is complete for its own EL fragment only
New-Feature-Keys-002/consistency	elk	consistent	ELK 0.6 ignores keys (HasKey): it is complete for its own EL fragment only
New-Feature-Keys-002/consistency	konclude	consistent	Konclude answers consistent; the approved test and hermit, openllet say inconsistent: a Konclude 0.7.0-1138 error (its own answer, not the harness's: reproduced on minimal ontologies, e.g. an irreflexive property with a self-loop assertion comes out consistent while functional-property and domain clashes come out inconsistent)
New-Feature-Keys-003/entailment	elk	not-entailed	ELK 0.6 ignores keys (HasKey): it is complete for its own EL fragment only
New-Feature-Keys-006/consistency	elk	consistent	ELK 0.6 ignores keys (HasKey): it is complete for its own EL fragment only
New-Feature-NegativeDataPropertyAssertion-001/consistency	elk	consistent	ELK 0.6 ignores negative data property assertions: it is complete for its own EL fragment only
New-Feature-NegativeObjectPropertyAssertion-001/consistency	elk	consistent	ELK 0.6 ignores negative object property assertions: it is complete for its own EL fragment only
New-Feature-Rational-003/consistency	konclude	inconsistent	Konclude answers inconsistent; the approved test and hermit, openllet say consistent: a Konclude 0.7.0-1138 error (its own answer, not the harness's: reproduced on minimal ontologies, e.g. an irreflexive property with a self-loop assertion comes out consistent while functional-property and domain clashes come out inconsistent)
New-Feature-SelfRestriction-002/entailment	elk	not-entailed	ELK 0.6 ignores ObjectHasSelf: it is complete for its own EL fragment only
one=two/consistency	konclude	consistent	Konclude answers consistent; the approved test and hermit, openllet say inconsistent: a Konclude 0.7.0-1138 error (its own answer, not the harness's: reproduced on minimal ontologies, e.g. an irreflexive property with a self-loop assertion comes out consistent while functional-property and domain clashes come out inconsistent)
Plus and Minus Zero are Distinct/consistency	elk	consistent	ELK 0.6 ignores datatypes: it is complete for its own EL fragment only
Plus and Minus Zero are Distinct/consistency	konclude	consistent	Konclude answers consistent; the approved test and hermit, openllet say inconsistent: a Konclude 0.7.0-1138 error (its own answer, not the harness's: reproduced on minimal ontologies, e.g. an irreflexive property with a self-loop assertion comes out consistent while functional-property and domain clashes come out inconsistent)
Qualified-cardinality-restricted-int/entailment	openllet	not-entailed	Openllet answers not-entailed; the approved test and hermit say entailed: an Openllet 2.6.5 error
somevaluesfrom2bnode/entailment	elk	not-entailed	ELK 0.6 ignores a construct outside its EL fragment: it is complete for its own EL fragment only
string-integer-clash/consistency	elk	consistent	ELK 0.6 ignores datatypes: it is complete for its own EL fragment only
WebOnt-Class-005-direct/entailment	openllet	not-entailed	Openllet answers not-entailed; the approved test and hermit say entailed: an Openllet 2.6.5 error
WebOnt-I5.8-001/consistency	konclude	consistent	Konclude answers consistent; the approved test and openllet say inconsistent: a Konclude 0.7.0-1138 error (its own answer, not the harness's: reproduced on minimal ontologies, e.g. an irreflexive property with a self-loop assertion comes out consistent while functional-property and domain clashes come out inconsistent)
WebOnt-I5.8-003/consistency	konclude	consistent	Konclude answers consistent; the approved test and openllet say inconsistent: a Konclude 0.7.0-1138 error (its own answer, not the harness's: reproduced on minimal ontologies, e.g. an irreflexive property with a self-loop assertion comes out consistent while functional-property and domain clashes come out inconsistent)
WebOnt-Nothing-001/consistency	elk	consistent	ELK 0.6 ignores a construct outside its EL fragment: it is complete for its own EL fragment only
WebOnt-Restriction-005-direct/entailment	openllet	not-entailed	Openllet answers not-entailed; the approved test and hermit say entailed: an Openllet 2.6.5 error
WebOnt-Thing-003/consistency	hermit	error	HermiT 1.4.5 on OWL API 5.1 throws (NullPointerException on an empty operand list); published HermiT of 2009 passed it
WebOnt-description-logic-008/consistency	konclude	consistent	Konclude answers consistent; the approved test and hermit, openllet say inconsistent: a Konclude 0.7.0-1138 error (its own answer, not the harness's: reproduced on minimal ontologies, e.g. an irreflexive property with a self-loop assertion comes out consistent while functional-property and domain clashes come out inconsistent)
WebOnt-description-logic-012/consistency	konclude	consistent	Konclude answers consistent; the approved test and hermit, openllet say inconsistent: a Konclude 0.7.0-1138 error (its own answer, not the harness's: reproduced on minimal ontologies, e.g. an irreflexive property with a self-loop assertion comes out consistent while functional-property and domain clashes come out inconsistent)
WebOnt-description-logic-013/consistency	konclude	consistent	Konclude answers consistent; the approved test and hermit, openllet say inconsistent: a Konclude 0.7.0-1138 error (its own answer, not the harness's: reproduced on minimal ontologies, e.g. an irreflexive property with a self-loop assertion comes out consistent while functional-property and domain clashes come out inconsistent)
WebOnt-description-logic-015/consistency	konclude	consistent	Konclude answers consistent; the approved test and hermit, openllet say inconsistent: a Konclude 0.7.0-1138 error (its own answer, not the harness's: reproduced on minimal ontologies, e.g. an irreflexive property with a self-loop assertion comes out consistent while functional-property and domain clashes come out inconsistent)
WebOnt-description-logic-017/consistency	konclude	consistent	Konclude answers consistent; the approved test and hermit, openllet say inconsistent: a Konclude 0.7.0-1138 error (its own answer, not the harness's: reproduced on minimal ontologies, e.g. an irreflexive property with a self-loop assertion comes out consistent while functional-property and domain clashes come out inconsistent)
WebOnt-description-logic-035/consistency	konclude	consistent	Konclude answers consistent; the approved test and hermit, openllet say inconsistent: a Konclude 0.7.0-1138 error (its own answer, not the harness's: reproduced on minimal ontologies, e.g. an irreflexive property with a self-loop assertion comes out consistent while functional-property and domain clashes come out inconsistent)
WebOnt-description-logic-105/consistency	konclude	consistent	Konclude answers consistent; the approved test and hermit, openllet say inconsistent: a Konclude 0.7.0-1138 error (its own answer, not the harness's: reproduced on minimal ontologies, e.g. an irreflexive property with a self-loop assertion comes out consistent while functional-property and domain clashes come out inconsistent)
WebOnt-description-logic-612/consistency	konclude	consistent	Konclude answers consistent; the approved test and hermit, openllet say inconsistent: a Konclude 0.7.0-1138 error (its own answer, not the harness's: reproduced on minimal ontologies, e.g. an irreflexive property with a self-loop assertion comes out consistent while functional-property and domain clashes come out inconsistent)
WebOnt-description-logic-613/consistency	konclude	consistent	Konclude answers consistent; the approved test and hermit, openllet say inconsistent: a Konclude 0.7.0-1138 error (its own answer, not the harness's: reproduced on minimal ontologies, e.g. an irreflexive property with a self-loop assertion comes out consistent while functional-property and domain clashes come out inconsistent)
WebOnt-description-logic-615/consistency	konclude	consistent	Konclude answers consistent; the approved test and hermit, openllet say inconsistent: a Konclude 0.7.0-1138 error (its own answer, not the harness's: reproduced on minimal ontologies, e.g. an irreflexive property with a self-loop assertion comes out consistent while functional-property and domain clashes come out inconsistent)
WebOnt-description-logic-617/consistency	konclude	consistent	Konclude answers consistent; the approved test and hermit, openllet say inconsistent: a Konclude 0.7.0-1138 error (its own answer, not the harness's: reproduced on minimal ontologies, e.g. an irreflexive property with a self-loop assertion comes out consistent while functional-property and domain clashes come out inconsistent)
WebOnt-description-logic-909/consistency	konclude	consistent	Konclude answers consistent, the test inconsistent; HermiT and Openllet time out: open, to settle by hand
WebOnt-miscellaneous-202/consistency	openllet	inconsistent	Openllet answers inconsistent; the approved test and hermit, konclude say consistent: an Openllet 2.6.5 error
WebOnt-miscellaneous-203/consistency	konclude	consistent	Konclude answers consistent; the approved test and hermit, openllet say inconsistent: a Konclude 0.7.0-1138 error (its own answer, not the harness's: reproduced on minimal ontologies, e.g. an irreflexive property with a self-loop assertion comes out consistent while functional-property and domain clashes come out inconsistent)
WebOnt-miscellaneous-204/consistency	konclude	consistent	Konclude answers consistent; the approved test and hermit, openllet say inconsistent: a Konclude 0.7.0-1138 error (its own answer, not the harness's: reproduced on minimal ontologies, e.g. an irreflexive property with a self-loop assertion comes out consistent while functional-property and domain clashes come out inconsistent)
WebOnt-someValuesFrom-003/entailment	elk	not-entailed	ELK 0.6 ignores a construct outside its EL fragment: it is complete for its own EL fragment only
