test	task	expected	reasoner	result
Datatype-restrictions-different-types	consistency	consistent	factpp	Incomplete
Datatype-restrictions-different-types	consistency	consistent	hermit	Pass
Datatype-restrictions-different-types	consistency	consistent	pellet	Pass
Owlreal-plus-oneOf	consistency	consistent	factpp	Incomplete
Owlreal-plus-oneOf	consistency	consistent	hermit	Pass
Owlreal-plus-oneOf	consistency	consistent	pellet	Pass
Consistent-but-all-unsat	consistency	consistent	factpp	Pass
Consistent-but-all-unsat	consistency	consistent	hermit	Pass
Consistent-but-all-unsat	consistency	consistent	pellet	Pass
Consistent-but-all-unsat	entailment	entailed	factpp	Pass
Consistent-but-all-unsat	entailment	entailed	hermit	Pass
Consistent-but-all-unsat	entailment	entailed	pellet	Pass
Consistent-dateTime	consistency	consistent	factpp	Incomplete
Consistent-dateTime	consistency	consistent	hermit	Pass
Consistent-dateTime	consistency	consistent	pellet	Pass
Contradicting-datatype-restrictions	consistency	inconsistent	factpp	Incomplete
Contradicting-datatype-restrictions	consistency	inconsistent	hermit	Pass
Contradicting-datatype-restrictions	consistency	inconsistent	pellet	Pass
Contradicting-dateTime-restrictions	consistency	inconsistent	factpp	Incomplete
Contradicting-dateTime-restrictions	consistency	inconsistent	hermit	Pass
Contradicting-dateTime-restrictions	consistency	inconsistent	pellet	Pass
Datatype-DataComplementOf-001	consistency	consistent	factpp	Pass
Datatype-DataComplementOf-001	consistency	consistent	hermit	Pass
Datatype-DataComplementOf-001	consistency	consistent	pellet	Pass
Datatype-Float-Discrete-001	consistency	inconsistent	factpp	Fail
Datatype-Float-Discrete-001	consistency	inconsistent	hermit	Pass
Datatype-Float-Discrete-001	consistency	inconsistent	pellet	Pass
Different-types-plus-complement	consistency	inconsistent	factpp	Incomplete
Different-types-plus-complement	consistency	inconsistent	hermit	Pass
Different-types-plus-complement	consistency	inconsistent	pellet	Pass
DisjointClasses-001	consistency	consistent	factpp	Pass
DisjointClasses-001	consistency	consistent	hermit	Pass
DisjointClasses-001	consistency	consistent	pellet	Pass
DisjointClasses-001	entailment	entailed	factpp	Pass
DisjointClasses-001	entailment	entailed	hermit	Pass
DisjointClasses-001	entailment	entailed	pellet	Pass
DisjointClasses-002	consistency	inconsistent	factpp	Pass
DisjointClasses-002	consistency	inconsistent	hermit	Pass
DisjointClasses-002	consistency	inconsistent	pellet	Pass
DisjointClasses-003	consistency	consistent	factpp	Pass
DisjointClasses-003	consistency	consistent	hermit	Pass
DisjointClasses-003	consistency	consistent	pellet	Pass
DisjointClasses-003	entailment	entailed	factpp	Pass
DisjointClasses-003	entailment	entailed	hermit	Pass
DisjointClasses-003	entailment	entailed	pellet	Pass
FS2RDF-different-individuals-2-ar	consistency	consistent	factpp	Pass
FS2RDF-different-individuals-2-ar	consistency	consistent	hermit	Pass
FS2RDF-different-individuals-2-ar	consistency	consistent	pellet	Pass
FS2RDF-different-individuals-3-ar	consistency	consistent	factpp	Pass
FS2RDF-different-individuals-3-ar	consistency	consistent	hermit	Pass
FS2RDF-different-individuals-3-ar	consistency	consistent	pellet	Pass
FS2RDF-no-builtin-prefixes-ar	consistency	consistent	factpp	Pass
FS2RDF-no-builtin-prefixes-ar	consistency	consistent	hermit	Pass
FS2RDF-no-builtin-prefixes-ar	consistency	consistent	pellet	Pass
FS2RDF-same-individual-2-ar	consistency	consistent	factpp	Pass
FS2RDF-same-individual-2-ar	consistency	consistent	hermit	Pass
FS2RDF-same-individual-2-ar	consistency	consistent	pellet	Pass
Inconsistent-byte-filler	consistency	inconsistent	factpp	Incomplete
Inconsistent-byte-filler	consistency	inconsistent	hermit	Pass
Inconsistent-byte-filler	consistency	inconsistent	pellet	Pass
Datacomplement-plus-restrictions	consistency	inconsistent	factpp	Incomplete
Datacomplement-plus-restrictions	consistency	inconsistent	hermit	Pass
Datacomplement-plus-restrictions	consistency	inconsistent	pellet	Pass
Inconsistent-disjoint-dataproperties	consistency	inconsistent	factpp	Incomplete
Inconsistent-disjoint-dataproperties	consistency	inconsistent	hermit	Pass
Inconsistent-disjoint-dataproperties	consistency	inconsistent	pellet	Pass
Minus-inf-not-owlreal	consistency	inconsistent	factpp	Incomplete
Minus-inf-not-owlreal	consistency	inconsistent	hermit	Pass
Minus-inf-not-owlreal	consistency	inconsistent	pellet	Pass
New-Feature-AnnotationAnnotations-001	consistency	consistent	factpp	Pass
New-Feature-AnnotationAnnotations-001	consistency	consistent	hermit	Pass
New-Feature-AnnotationAnnotations-001	consistency	consistent	pellet	Pass
New-Feature-AsymmetricProperty-001	consistency	inconsistent	factpp	Pass
New-Feature-AsymmetricProperty-001	consistency	inconsistent	hermit	Pass
New-Feature-AsymmetricProperty-001	consistency	inconsistent	pellet	Pass
New-Feature-AxiomAnnotations-001	consistency	consistent	factpp	Incomplete
New-Feature-AxiomAnnotations-001	consistency	consistent	hermit	Pass
New-Feature-AxiomAnnotations-001	consistency	consistent	pellet	Pass
New-Feature-BottomDataProperty-001	consistency	inconsistent	factpp	Fail
New-Feature-BottomDataProperty-001	consistency	inconsistent	hermit	Pass
New-Feature-BottomDataProperty-001	consistency	inconsistent	pellet	Pass
New-Feature-BottomObjectProperty-001	consistency	inconsistent	factpp	Fail
New-Feature-BottomObjectProperty-001	consistency	inconsistent	hermit	Pass
New-Feature-BottomObjectProperty-001	consistency	inconsistent	pellet	Pass
New-Feature-DataQCR-001	consistency	consistent	factpp	Pass
New-Feature-DataQCR-001	consistency	consistent	hermit	Pass
New-Feature-DataQCR-001	consistency	consistent	pellet	Pass
New-Feature-DataQCR-001	entailment	entailed	factpp	Pass
New-Feature-DataQCR-001	entailment	entailed	hermit	Pass
New-Feature-DataQCR-001	entailment	entailed	pellet	Incomplete
New-Feature-DisjointDataProperties-001	consistency	inconsistent	factpp	Fail
New-Feature-DisjointDataProperties-001	consistency	inconsistent	hermit	Pass
New-Feature-DisjointDataProperties-001	consistency	inconsistent	pellet	Pass
New-Feature-DisjointDataProperties-002	consistency	consistent	factpp	Pass
New-Feature-DisjointDataProperties-002	consistency	consistent	hermit	Pass
New-Feature-DisjointDataProperties-002	consistency	consistent	pellet	Pass
New-Feature-DisjointDataProperties-002	entailment	entailed	factpp	Pass
New-Feature-DisjointDataProperties-002	entailment	entailed	hermit	Pass
New-Feature-DisjointDataProperties-002	entailment	entailed	pellet	Pass
New-Feature-DisjointObjectProperties-001	consistency	consistent	factpp	Pass
New-Feature-DisjointObjectProperties-001	consistency	consistent	hermit	Pass
New-Feature-DisjointObjectProperties-001	consistency	consistent	pellet	Pass
New-Feature-DisjointObjectProperties-001	entailment	entailed	factpp	Pass
New-Feature-DisjointObjectProperties-001	entailment	entailed	hermit	Pass
New-Feature-DisjointObjectProperties-001	entailment	entailed	pellet	Pass
New-Feature-DisjointObjectProperties-002	consistency	consistent	factpp	Pass
New-Feature-DisjointObjectProperties-002	consistency	consistent	hermit	Pass
New-Feature-DisjointObjectProperties-002	consistency	consistent	pellet	Pass
New-Feature-DisjointObjectProperties-002	entailment	entailed	factpp	Pass
New-Feature-DisjointObjectProperties-002	entailment	entailed	hermit	Pass
New-Feature-DisjointObjectProperties-002	entailment	entailed	pellet	Pass
New-Feature-DisjointUnion-001	consistency	consistent	factpp	Pass
New-Feature-DisjointUnion-001	consistency	consistent	hermit	Pass
New-Feature-DisjointUnion-001	consistency	consistent	pellet	Pass
New-Feature-DisjointUnion-001	entailment	entailed	factpp	Pass
New-Feature-DisjointUnion-001	entailment	entailed	hermit	Pass
New-Feature-DisjointUnion-001	entailment	entailed	pellet	Pass
New-Feature-IrreflexiveProperty-001	consistency	inconsistent	factpp	Pass
New-Feature-IrreflexiveProperty-001	consistency	inconsistent	hermit	Pass
New-Feature-IrreflexiveProperty-001	consistency	inconsistent	pellet	Pass
New-Feature-Keys-001	consistency	consistent	factpp	Pass
New-Feature-Keys-001	consistency	consistent	hermit	Pass
New-Feature-Keys-001	consistency	consistent	pellet	Pass
New-Feature-Keys-001	entailment	entailed	factpp	Fail
New-Feature-Keys-001	entailment	entailed	hermit	Pass
New-Feature-Keys-001	entailment	entailed	pellet	Pass
New-Feature-Keys-002	consistency	inconsistent	factpp	Fail
New-Feature-Keys-002	consistency	inconsistent	hermit	Pass
New-Feature-Keys-002	consistency	inconsistent	pellet	Pass
New-Feature-Keys-003	consistency	consistent	factpp	Pass
New-Feature-Keys-003	consistency	consistent	hermit	Pass
New-Feature-Keys-003	consistency	consistent	pellet	Pass
New-Feature-Keys-003	entailment	entailed	factpp	Fail
New-Feature-Keys-003	entailment	entailed	hermit	Pass
New-Feature-Keys-003	entailment	entailed	pellet	Pass
New-Feature-Keys-004	consistency	consistent	factpp	Pass
New-Feature-Keys-004	consistency	consistent	hermit	Pass
New-Feature-Keys-004	consistency	consistent	pellet	Pass
New-Feature-Keys-004	entailment	not-entailed	factpp	Pass
New-Feature-Keys-004	entailment	not-entailed	hermit	Pass
New-Feature-Keys-004	entailment	not-entailed	pellet	Pass
New-Feature-Keys-005	consistency	consistent	factpp	Pass
New-Feature-Keys-005	consistency	consistent	hermit	Pass
New-Feature-Keys-005	consistency	consistent	pellet	Pass
New-Feature-Keys-006	consistency	inconsistent	factpp	Pass
New-Feature-Keys-006	consistency	inconsistent	hermit	Pass
New-Feature-Keys-006	consistency	inconsistent	pellet	Pass
New-Feature-Keys-007	consistency	consistent	factpp	Pass
New-Feature-Keys-007	consistency	consistent	hermit	Pass
New-Feature-Keys-007	consistency	consistent	pellet	Pass
New-Feature-Keys-007	entailment	not-entailed	factpp	Pass
New-Feature-Keys-007	entailment	not-entailed	hermit	Pass
New-Feature-Keys-007	entailment	not-entailed	pellet	Pass
New-Feature-NegativeDataPropertyAssertion-001	consistency	inconsistent	factpp	Pass
New-Feature-NegativeDataPropertyAssertion-001	consistency	inconsistent	hermit	Pass
New-Feature-NegativeDataPropertyAssertion-001	consistency	inconsistent	pellet	Pass
New-Feature-NegativeObjectPropertyAssertion-001	consistency	inconsistent	factpp	Pass
New-Feature-NegativeObjectPropertyAssertion-001	consistency	inconsistent	hermit	Pass
New-Feature-NegativeObjectPropertyAssertion-001	consistency	inconsistent	pellet	Pass
New-Feature-ObjectPropertyChain-001	consistency	consistent	factpp	Pass
New-Feature-ObjectPropertyChain-001	consistency	consistent	hermit	Pass
New-Feature-ObjectPropertyChain-001	consistency	consistent	pellet	Pass
New-Feature-ObjectPropertyChain-001	entailment	entailed	factpp	Pass
New-Feature-ObjectPropertyChain-001	entailment	entailed	hermit	Pass
New-Feature-ObjectPropertyChain-001	entailment	entailed	pellet	Pass
New-Feature-ObjectPropertyChain-BJP-003	consistency	consistent	factpp	Pass
New-Feature-ObjectPropertyChain-BJP-003	consistency	consistent	hermit	Pass
New-Feature-ObjectPropertyChain-BJP-003	consistency	consistent	pellet	Pass
New-Feature-ObjectPropertyChain-BJP-003	entailment	entailed	factpp	Pass
New-Feature-ObjectPropertyChain-BJP-003	entailment	entailed	hermit	Pass
New-Feature-ObjectPropertyChain-BJP-003	entailment	entailed	pellet	Pass
New-Feature-ObjectPropertyChain-BJP-004	consistency	consistent	factpp	Pass
New-Feature-ObjectPropertyChain-BJP-004	consistency	consistent	hermit	Pass
New-Feature-ObjectPropertyChain-BJP-004	consistency	consistent	pellet	Pass
New-Feature-ObjectPropertyChain-BJP-004	entailment	not-entailed	factpp	Incomplete
New-Feature-ObjectPropertyChain-BJP-004	entailment	not-entailed	hermit	Pass
New-Feature-ObjectPropertyChain-BJP-004	entailment	not-entailed	pellet	Pass
New-Feature-ObjectQCR-001	consistency	consistent	factpp	Pass
New-Feature-ObjectQCR-001	consistency	consistent	hermit	Pass
New-Feature-ObjectQCR-001	consistency	consistent	pellet	Pass
New-Feature-ObjectQCR-001	entailment	entailed	factpp	Pass
New-Feature-ObjectQCR-001	entailment	entailed	hermit	Pass
New-Feature-ObjectQCR-001	entailment	entailed	pellet	Pass
New-Feature-ObjectQCR-002	consistency	consistent	factpp	Pass
New-Feature-ObjectQCR-002	consistency	consistent	hermit	Pass
New-Feature-ObjectQCR-002	consistency	consistent	pellet	Pass
New-Feature-ObjectQCR-002	entailment	entailed	factpp	Pass
New-Feature-ObjectQCR-002	entailment	entailed	hermit	Pass
New-Feature-ObjectQCR-002	entailment	entailed	pellet	Pass
New-Feature-Rational-001	consistency	consistent	factpp	Pass
New-Feature-Rational-001	consistency	consistent	hermit	Pass
New-Feature-Rational-001	consistency	consistent	pellet	Pass
New-Feature-Rational-002	consistency	inconsistent	factpp	Fail
New-Feature-Rational-002	consistency	inconsistent	hermit	Pass
New-Feature-Rational-002	consistency	inconsistent	pellet	Pass
New-Feature-Rational-003	consistency	consistent	factpp	Pass
New-Feature-Rational-003	consistency	consistent	hermit	Pass
New-Feature-Rational-003	consistency	consistent	pellet	Pass
New-Feature-ReflexiveProperty-001	consistency	consistent	factpp	Pass
New-Feature-ReflexiveProperty-001	consistency	consistent	hermit	Pass
New-Feature-ReflexiveProperty-001	consistency	consistent	pellet	Pass
New-Feature-ReflexiveProperty-001	entailment	entailed	factpp	Pass
New-Feature-ReflexiveProperty-001	entailment	entailed	hermit	Pass
New-Feature-ReflexiveProperty-001	entailment	entailed	pellet	Pass
New-Feature-SelfRestriction-001	consistency	consistent	factpp	Pass
New-Feature-SelfRestriction-001	consistency	consistent	hermit	Pass
New-Feature-SelfRestriction-001	consistency	consistent	pellet	Pass
New-Feature-SelfRestriction-001	entailment	entailed	factpp	Pass
New-Feature-SelfRestriction-001	entailment	entailed	hermit	Pass
New-Feature-SelfRestriction-001	entailment	entailed	pellet	Pass
New-Feature-SelfRestriction-002	consistency	consistent	factpp	Pass
New-Feature-SelfRestriction-002	consistency	consistent	hermit	Pass
New-Feature-SelfRestriction-002	consistency	consistent	pellet	Pass
New-Feature-SelfRestriction-002	entailment	entailed	factpp	Pass
New-Feature-SelfRestriction-002	entailment	entailed	hermit	Pass
New-Feature-SelfRestriction-002	entailment	entailed	pellet	Pass
New-Feature-TopObjectProperty-001	consistency	inconsistent	factpp	Fail
New-Feature-TopObjectProperty-001	consistency	inconsistent	hermit	Pass
New-Feature-TopObjectProperty-001	consistency	inconsistent	pellet	Pass
Plus-and-minus-0-integers	consistency	consistent	factpp	Incomplete
Plus-and-minus-0-integers	consistency	consistent	hermit	Pass
Plus-and-minus-0-integers	consistency	consistent	pellet	Pass
Plus-minus-0-plus-disjointness	consistency	inconsistent	factpp	Incomplete
Plus-minus-0-plus-disjointness	consistency	inconsistent	hermit	Pass
Plus-minus-0-plus-disjointness	consistency	inconsistent	pellet	Pass
Qualified-cardinality-boolean	consistency	consistent	factpp	Incomplete
Qualified-cardinality-boolean	consistency	consistent	hermit	Pass
Qualified-cardinality-boolean	consistency	consistent	pellet	Pass
Qualified-cardinality-boolean	entailment	entailed	factpp	Incomplete
Qualified-cardinality-boolean	entailment	entailed	hermit	Pass
Qualified-cardinality-boolean	entailment	entailed	pellet	Pass
TestCase:WebOnt-AnnotationProperty-002	consistency	consistent	factpp	Pass
TestCase:WebOnt-AnnotationProperty-002	consistency	consistent	hermit	Pass
TestCase:WebOnt-AnnotationProperty-002	consistency	consistent	pellet	Pass
TestCase:WebOnt-AnnotationProperty-002	entailment	entailed	factpp	Pass
TestCase:WebOnt-AnnotationProperty-002	entailment	entailed	hermit	Pass
TestCase:WebOnt-AnnotationProperty-002	entailment	entailed	pellet	Pass
TestCase:WebOnt-AnnotationProperty-003	consistency	consistent	factpp	Pass
TestCase:WebOnt-AnnotationProperty-003	consistency	consistent	hermit	Pass
TestCase:WebOnt-AnnotationProperty-003	consistency	consistent	pellet	Pass
TestCase:WebOnt-AnnotationProperty-004	consistency	consistent	factpp	Pass
TestCase:WebOnt-AnnotationProperty-004	consistency	consistent	hermit	Pass
TestCase:WebOnt-AnnotationProperty-004	consistency	consistent	pellet	Pass
TestCase:WebOnt-I4.5-001	consistency	consistent	factpp	Pass
TestCase:WebOnt-I4.5-001	consistency	consistent	hermit	Pass
TestCase:WebOnt-I4.5-001	consistency	consistent	pellet	Pass
TestCase:WebOnt-I4.5-001	entailment	entailed	factpp	Pass
TestCase:WebOnt-I4.5-001	entailment	entailed	hermit	Pass
TestCase:WebOnt-I4.5-001	entailment	entailed	pellet	Pass
TestCase:WebOnt-I4.5-002	consistency	inconsistent	factpp	Pass
TestCase:WebOnt-I4.5-002	consistency	inconsistent	hermit	Pass
TestCase:WebOnt-I4.5-002	consistency	inconsistent	pellet	Pass
TestCase:WebOnt-I4.6-004	consistency	consistent	factpp	Pass
TestCase:WebOnt-I4.6-004	consistency	consistent	hermit	Pass
TestCase:WebOnt-I4.6-004	consistency	consistent	pellet	Pass
TestCase:WebOnt-I4.6-004	entailment	not-entailed	factpp	Incomplete
TestCase:WebOnt-I4.6-004	entailment	not-entailed	hermit	Pass
TestCase:WebOnt-I4.6-004	entailment	not-entailed	pellet	Pass
TestCase:WebOnt-I4.6-005-Direct	consistency	consistent	factpp	Pass
TestCase:WebOnt-I4.6-005-Direct	consistency	consistent	hermit	Pass
TestCase:WebOnt-I4.6-005-Direct	consistency	consistent	pellet	Pass
TestCase:WebOnt-I4.6-005-Direct	entailment	entailed	factpp	Pass
TestCase:WebOnt-I4.6-005-Direct	entailment	entailed	hermit	Pass
TestCase:WebOnt-I4.6-005-Direct	entailment	entailed	pellet	Pass
TestCase:WebOnt-I5.2-001	consistency	consistent	factpp	Pass
TestCase:WebOnt-I5.2-001	consistency	consistent	hermit	Pass
TestCase:WebOnt-I5.2-001	consistency	consistent	pellet	Pass
TestCase:WebOnt-I5.2-002	consistency	consistent	factpp	Pass
TestCase:WebOnt-I5.2-002	consistency	consistent	hermit	Pass
TestCase:WebOnt-I5.2-002	consistency	consistent	pellet	Pass
TestCase:WebOnt-I5.2-002	entailment	entailed	factpp	Pass
TestCase:WebOnt-I5.2-002	entailment	entailed	hermit	Pass
TestCase:WebOnt-I5.2-002	entailment	entailed	pellet	Pass
TestCase:WebOnt-I5.2-003	consistency	consistent	factpp	Pass
TestCase:WebOnt-I5.2-003	consistency	consistent	hermit	Pass
TestCase:WebOnt-I5.2-003	consistency	consistent	pellet	Pass
TestCase:WebOnt-I5.2-004	consistency	consistent	factpp	Pass
TestCase:WebOnt-I5.2-004	consistency	consistent	hermit	Pass
TestCase:WebOnt-I5.2-004	consistency	consistent	pellet	Pass
TestCase:WebOnt-I5.2-004	entailment	entailed	factpp	Pass
TestCase:WebOnt-I5.2-004	entailment	entailed	hermit	Pass
TestCase:WebOnt-I5.2-004	entailment	entailed	pellet	Pass
TestCase:WebOnt-I5.2-005	consistency	consistent	factpp	Pass
TestCase:WebOnt-I5.2-005	consistency	consistent	hermit	Pass
TestCase:WebOnt-I5.2-005	consistency	consistent	pellet	Pass
TestCase:WebOnt-I5.2-006	consistency	consistent	factpp	Pass
TestCase:WebOnt-I5.2-006	consistency	consistent	hermit	Pass
TestCase:WebOnt-I5.2-006	consistency	consistent	pellet	Pass
TestCase:WebOnt-I5.2-006	entailment	entailed	factpp	Pass
TestCase:WebOnt-I5.2-006	entailment	entailed	hermit	Pass
TestCase:WebOnt-I5.2-006	entailment	entailed	pellet	Pass
TestCase:WebOnt-I5.21-002	consistency	consistent	factpp	Pass
TestCase:WebOnt-I5.21-002	consistency	consistent	hermit	Pass
TestCase:WebOnt-I5.21-002	consistency	consistent	pellet	Pass
TestCase:WebOnt-I5.21-002	entailment	entailed	factpp	Pass
TestCase:WebOnt-I5.21-002	entailment	entailed	hermit	Pass
TestCase:WebOnt-I5.21-002	entailment	entailed	pellet	Pass
TestCase:WebOnt-I5.24-003	consistency	consistent	factpp	Pass
TestCase:WebOnt-I5.24-003	consistency	consistent	hermit	Pass
TestCase:WebOnt-I5.24-003	consistency	consistent	pellet	Pass
TestCase:WebOnt-I5.24-003	entailment	entailed	factpp	Pass
TestCase:WebOnt-I5.24-003	entailment	entailed	hermit	Pass
TestCase:WebOnt-I5.24-003	entailment	entailed	pellet	Pass
TestCase:WebOnt-I5.24-004	consistency	consistent	factpp	Pass
TestCase:WebOnt-I5.24-004	consistency	consistent	hermit	Pass
TestCase:WebOnt-I5.24-004	consistency	consistent	pellet	Pass
TestCase:WebOnt-I5.24-004	entailment	entailed	factpp	Pass
TestCase:WebOnt-I5.24-004	entailment	entailed	hermit	Pass
TestCase:WebOnt-I5.24-004	entailment	entailed	pellet	Pass
TestCase:WebOnt-I5.26-001	consistency	consistent	factpp	Pass
TestCase:WebOnt-I5.26-001	consistency	consistent	hermit	Pass
TestCase:WebOnt-I5.26-001	consistency	consistent	pellet	Pass
TestCase:WebOnt-I5.26-002	consistency	consistent	factpp	Pass
TestCase:WebOnt-I5.26-002	consistency	consistent	hermit	Pass
TestCase:WebOnt-I5.26-002	consistency	consistent	pellet	Pass
TestCase:WebOnt-I5.26-003	consistency	consistent	factpp	Pass
TestCase:WebOnt-I5.26-003	consistency	consistent	hermit	Pass
TestCase:WebOnt-I5.26-003	consistency	consistent	pellet	Pass
TestCase:WebOnt-I5.26-004	consistency	consistent	factpp	Pass
TestCase:WebOnt-I5.26-004	consistency	consistent	hermit	Pass
TestCase:WebOnt-I5.26-004	consistency	consistent	pellet	Pass
TestCase:WebOnt-I5.26-005	consistency	consistent	factpp	Pass
TestCase:WebOnt-I5.26-005	consistency	consistent	hermit	Pass
TestCase:WebOnt-I5.26-005	consistency	consistent	pellet	Pass
TestCase:WebOnt-I5.26-009	consistency	consistent	factpp	Pass
TestCase:WebOnt-I5.26-009	consistency	consistent	hermit	Pass
TestCase:WebOnt-I5.26-009	consistency	consistent	pellet	Pass
TestCase:WebOnt-I5.26-009	entailment	entailed	factpp	Pass
TestCase:WebOnt-I5.26-009	entailment	entailed	hermit	Pass
TestCase:WebOnt-I5.26-009	entailment	entailed	pellet	Pass
TestCase:WebOnt-I5.26-010	consistency	consistent	factpp	Pass
TestCase:WebOnt-I5.26-010	consistency	consistent	hermit	Pass
TestCase:WebOnt-I5.26-010	consistency	consistent	pellet	Pass
TestCase:WebOnt-I5.26-010	entailment	entailed	factpp	Pass
TestCase:WebOnt-I5.26-010	entailment	entailed	hermit	Pass
TestCase:WebOnt-I5.26-010	entailment	entailed	pellet	Pass
TestCase:WebOnt-I5.3-006	consistency	consistent	factpp	Pass
TestCase:WebOnt-I5.3-006	consistency	consistent	hermit	Pass
TestCase:WebOnt-I5.3-006	consistency	consistent	pellet	Pass
TestCase:WebOnt-I5.3-008	consistency	consistent	factpp	Pass
TestCase:WebOnt-I5.3-008	consistency	consistent	hermit	Pass
TestCase:WebOnt-I5.3-008	consistency	consistent	pellet	Pass
TestCase:WebOnt-I5.3-010	consistency	consistent	factpp	Pass
TestCase:WebOnt-I5.3-010	consistency	consistent	hermit	Pass
TestCase:WebOnt-I5.3-010	consistency	consistent	pellet	Pass
TestCase:WebOnt-I5.3-011	consistency	consistent	factpp	Pass
TestCase:WebOnt-I5.3-011	consistency	consistent	hermit	Pass
TestCase:WebOnt-I5.3-011	consistency	consistent	pellet	Pass
TestCase:WebOnt-I5.5-005	consistency	consistent	factpp	Pass
TestCase:WebOnt-I5.5-005	consistency	consistent	hermit	Pass
TestCase:WebOnt-I5.5-005	consistency	consistent	pellet	Pass
TestCase:WebOnt-I5.5-005	entailment	entailed	factpp	Pass
TestCase:WebOnt-I5.5-005	entailment	entailed	hermit	Pass
TestCase:WebOnt-I5.5-005	entailment	entailed	pellet	Pass
TestCase:WebOnt-I5.8-006	consistency	consistent	factpp	Pass
TestCase:WebOnt-I5.8-006	consistency	consistent	hermit	Pass
TestCase:WebOnt-I5.8-006	consistency	consistent	pellet	Pass
TestCase:WebOnt-I5.8-006	entailment	entailed	factpp	Incomplete
TestCase:WebOnt-I5.8-006	entailment	entailed	hermit	Pass
TestCase:WebOnt-I5.8-006	entailment	entailed	pellet	Pass
TestCase:WebOnt-I5.8-007	consistency	consistent	factpp	Pass
TestCase:WebOnt-I5.8-007	consistency	consistent	hermit	Pass
TestCase:WebOnt-I5.8-007	consistency	consistent	pellet	Pass
TestCase:WebOnt-I5.8-007	entailment	not-entailed	factpp	Incomplete
TestCase:WebOnt-I5.8-007	entailment	not-entailed	hermit	Pass
TestCase:WebOnt-I5.8-007	entailment	not-entailed	pellet	Pass
TestCase:WebOnt-I5.8-008	consistency	consistent	factpp	Pass
TestCase:WebOnt-I5.8-008	consistency	consistent	hermit	Pass
TestCase:WebOnt-I5.8-008	consistency	consistent	pellet	Pass
TestCase:WebOnt-I5.8-008	entailment	entailed	factpp	Incomplete
TestCase:WebOnt-I5.8-008	entailment	entailed	hermit	Pass
TestCase:WebOnt-I5.8-008	entailment	entailed	pellet	Pass
TestCase:WebOnt-I5.8-009	consistency	consistent	factpp	Pass
TestCase:WebOnt-I5.8-009	consistency	consistent	hermit	Pass
TestCase:WebOnt-I5.8-009	consistency	consistent	pellet	Pass
TestCase:WebOnt-I5.8-009	entailment	entailed	factpp	Incomplete
TestCase:WebOnt-I5.8-009	entailment	entailed	hermit	Pass
TestCase:WebOnt-I5.8-009	entailment	entailed	pellet	Pass
TestCase:WebOnt-I5.8-010	consistency	consistent	factpp	Pass
TestCase:WebOnt-I5.8-010	consistency	consistent	hermit	Pass
TestCase:WebOnt-I5.8-010	consistency	consistent	pellet	Pass
TestCase:WebOnt-I5.8-010	entailment	entailed	factpp	Incomplete
TestCase:WebOnt-I5.8-010	entailment	entailed	hermit	Pass
TestCase:WebOnt-I5.8-010	entailment	entailed	pellet	Pass
TestCase:WebOnt-I5.8-011	consistency	consistent	factpp	Pass
TestCase:WebOnt-I5.8-011	consistency	consistent	hermit	Pass
TestCase:WebOnt-I5.8-011	consistency	consistent	pellet	Pass
TestCase:WebOnt-I5.8-011	entailment	entailed	factpp	Pass
TestCase:WebOnt-I5.8-011	entailment	entailed	hermit	Pass
TestCase:WebOnt-I5.8-011	entailment	entailed	pellet	Pass
TestCase:WebOnt-Nothing-001	consistency	inconsistent	factpp	Pass
TestCase:WebOnt-Nothing-001	consistency	inconsistent	hermit	Pass
TestCase:WebOnt-Nothing-001	consistency	inconsistent	pellet	Pass
TestCase:WebOnt-Ontology-001	consistency	consistent	factpp	Pass
TestCase:WebOnt-Ontology-001	consistency	consistent	hermit	Pass
TestCase:WebOnt-Ontology-001	consistency	consistent	pellet	Pass
TestCase:WebOnt-Ontology-001	entailment	entailed	factpp	Pass
TestCase:WebOnt-Ontology-001	entailment	entailed	hermit	Pass
TestCase:WebOnt-Ontology-001	entailment	entailed	pellet	Pass
TestCase:WebOnt-Restriction-001	consistency	inconsistent	factpp	Pass
TestCase:WebOnt-Restriction-001	consistency	inconsistent	hermit	Pass
TestCase:WebOnt-Restriction-001	consistency	inconsistent	pellet	Pass
TestCase:WebOnt-Restriction-002	consistency	inconsistent	factpp	Pass
TestCase:WebOnt-Restriction-002	consistency	inconsistent	hermit	Pass
TestCase:WebOnt-Restriction-002	consistency	inconsistent	pellet	Pass
TestCase:WebOnt-Restriction-003	consistency	consistent	factpp	Pass
TestCase:WebOnt-Restriction-003	consistency	consistent	hermit	Pass
TestCase:WebOnt-Restriction-003	consistency	consistent	pellet	Pass
TestCase:WebOnt-Restriction-004	consistency	consistent	factpp	Pass
TestCase:WebOnt-Restriction-004	consistency	consistent	hermit	Pass
TestCase:WebOnt-Restriction-004	consistency	consistent	pellet	Pass
TestCase:WebOnt-SymmetricProperty-002	consistency	consistent	factpp	Pass
TestCase:WebOnt-SymmetricProperty-002	consistency	consistent	hermit	Pass
TestCase:WebOnt-SymmetricProperty-002	consistency	consistent	pellet	Pass
TestCase:WebOnt-SymmetricProperty-002	entailment	entailed	factpp	Incomplete
TestCase:WebOnt-SymmetricProperty-002	entailment	entailed	hermit	Pass
TestCase:WebOnt-SymmetricProperty-002	entailment	entailed	pellet	Pass
TestCase:WebOnt-Thing-003	consistency	inconsistent	factpp	Pass
TestCase:WebOnt-Thing-003	consistency	inconsistent	hermit	Pass
TestCase:WebOnt-Thing-003	consistency	inconsistent	pellet	Pass
TestCase:WebOnt-Thing-004	consistency	consistent	factpp	Pass
TestCase:WebOnt-Thing-004	consistency	consistent	hermit	Pass
TestCase:WebOnt-Thing-004	consistency	consistent	pellet	Pass
TestCase:WebOnt-TransitiveProperty-002	consistency	consistent	factpp	Pass
TestCase:WebOnt-TransitiveProperty-002	consistency	consistent	hermit	Pass
TestCase:WebOnt-TransitiveProperty-002	consistency	consistent	pellet	Pass
TestCase:WebOnt-TransitiveProperty-002	entailment	entailed	factpp	Incomplete
TestCase:WebOnt-TransitiveProperty-002	entailment	entailed	hermit	Pass
TestCase:WebOnt-TransitiveProperty-002	entailment	entailed	pellet	Pass
TestCase:WebOnt-allValuesFrom-001	consistency	consistent	factpp	Pass
TestCase:WebOnt-allValuesFrom-001	consistency	consistent	hermit	Pass
TestCase:WebOnt-allValuesFrom-001	consistency	consistent	pellet	Pass
TestCase:WebOnt-allValuesFrom-001	entailment	entailed	factpp	Pass
TestCase:WebOnt-allValuesFrom-001	entailment	entailed	hermit	Pass
TestCase:WebOnt-allValuesFrom-001	entailment	entailed	pellet	Pass
TestCase:WebOnt-allValuesFrom-002	consistency	consistent	factpp	Pass
TestCase:WebOnt-allValuesFrom-002	consistency	consistent	hermit	Pass
TestCase:WebOnt-allValuesFrom-002	consistency	consistent	pellet	Pass
TestCase:WebOnt-allValuesFrom-002	entailment	not-entailed	factpp	Incomplete
TestCase:WebOnt-allValuesFrom-002	entailment	not-entailed	hermit	Pass
TestCase:WebOnt-allValuesFrom-002	entailment	not-entailed	pellet	Pass
TestCase:WebOnt-backwardCompatibleWith-002	consistency	consistent	factpp	Pass
TestCase:WebOnt-backwardCompatibleWith-002	consistency	consistent	hermit	Pass
TestCase:WebOnt-backwardCompatibleWith-002	consistency	consistent	pellet	Pass
TestCase:WebOnt-cardinality-001	consistency	consistent	factpp	Pass
TestCase:WebOnt-cardinality-001	consistency	consistent	hermit	Pass
TestCase:WebOnt-cardinality-001	consistency	consistent	pellet	Pass
TestCase:WebOnt-cardinality-001	entailment	entailed	factpp	Pass
TestCase:WebOnt-cardinality-001	entailment	entailed	hermit	Pass
TestCase:WebOnt-cardinality-001	entailment	entailed	pellet	Pass
TestCase:WebOnt-cardinality-002	consistency	consistent	factpp	Pass
TestCase:WebOnt-cardinality-002	consistency	consistent	hermit	Pass
TestCase:WebOnt-cardinality-002	consistency	consistent	pellet	Pass
TestCase:WebOnt-cardinality-002	entailment	entailed	factpp	Pass
TestCase:WebOnt-cardinality-002	entailment	entailed	hermit	Pass
TestCase:WebOnt-cardinality-002	entailment	entailed	pellet	Pass
TestCase:WebOnt-cardinality-003	consistency	consistent	factpp	Pass
TestCase:WebOnt-cardinality-003	consistency	consistent	hermit	Pass
TestCase:WebOnt-cardinality-003	consistency	consistent	pellet	Pass
TestCase:WebOnt-cardinality-003	entailment	entailed	factpp	Pass
TestCase:WebOnt-cardinality-003	entailment	entailed	hermit	Pass
TestCase:WebOnt-cardinality-003	entailment	entailed	pellet	Pass
TestCase:WebOnt-cardinality-004	consistency	consistent	factpp	Pass
TestCase:WebOnt-cardinality-004	consistency	consistent	hermit	Pass
TestCase:WebOnt-cardinality-004	consistency	consistent	pellet	Pass
TestCase:WebOnt-cardinality-004	entailment	entailed	factpp	Pass
TestCase:WebOnt-cardinality-004	entailment	entailed	hermit	Pass
TestCase:WebOnt-cardinality-004	entailment	entailed	pellet	Pass
TestCase:WebOnt-description-logic-001	consistency	inconsistent	factpp	Pass
TestCase:WebOnt-description-logic-001	consistency	inconsistent	hermit	Pass
TestCase:WebOnt-description-logic-001	consistency	inconsistent	pellet	Pass
TestCase:WebOnt-description-logic-002	consistency	inconsistent	factpp	Pass
TestCase:WebOnt-description-logic-002	consistency	inconsistent	hermit	Pass
TestCase:WebOnt-description-logic-002	consistency	inconsistent	pellet	Pass
TestCase:WebOnt-description-logic-003	consistency	inconsistent	factpp	Pass
TestCase:WebOnt-description-logic-003	consistency	inconsistent	hermit	Pass
TestCase:WebOnt-description-logic-003	consistency	inconsistent	pellet	Pass
TestCase:WebOnt-description-logic-004	consistency	inconsistent	factpp	Pass
TestCase:WebOnt-description-logic-004	consistency	inconsistent	hermit	Pass
TestCase:WebOnt-description-logic-004	consistency	inconsistent	pellet	Pass
TestCase:WebOnt-description-logic-005	consistency	consistent	factpp	Pass
TestCase:WebOnt-description-logic-005	consistency	consistent	hermit	Pass
TestCase:WebOnt-description-logic-005	consistency	consistent	pellet	Pass
TestCase:WebOnt-description-logic-006	consistency	consistent	factpp	Pass
TestCase:WebOnt-description-logic-006	consistency	consistent	hermit	Pass
TestCase:WebOnt-description-logic-006	consistency	consistent	pellet	Pass
TestCase:WebOnt-description-logic-007	consistency	inconsistent	factpp	Pass
TestCase:WebOnt-description-logic-007	consistency	inconsistent	hermit	Pass
TestCase:WebOnt-description-logic-007	consistency	inconsistent	pellet	Pass
TestCase:WebOnt-description-logic-008	consistency	inconsistent	factpp	Pass
TestCase:WebOnt-description-logic-008	consistency	inconsistent	hermit	Pass
TestCase:WebOnt-description-logic-008	consistency	inconsistent	pellet	Pass
TestCase:WebOnt-description-logic-009	consistency	consistent	factpp	Pass
TestCase:WebOnt-description-logic-009	consistency	consistent	hermit	Pass
TestCase:WebOnt-description-logic-009	consistency	consistent	pellet	Pass
TestCase:WebOnt-description-logic-010	consistency	inconsistent	factpp	Pass
TestCase:WebOnt-description-logic-010	consistency	inconsistent	hermit	Pass
TestCase:WebOnt-description-logic-010	consistency	inconsistent	pellet	Pass
TestCase:WebOnt-description-logic-011	consistency	inconsistent	factpp	Pass
TestCase:WebOnt-description-logic-011	consistency	inconsistent	hermit	Pass
TestCase:WebOnt-description-logic-011	consistency	inconsistent	pellet	Pass
TestCase:WebOnt-description-logic-012	consistency	inconsistent	factpp	Pass
TestCase:WebOnt-description-logic-012	consistency	inconsistent	hermit	Pass
TestCase:WebOnt-description-logic-012	consistency	inconsistent	pellet	Pass
TestCase:WebOnt-description-logic-013	consistency	inconsistent	factpp	Pass
TestCase:WebOnt-description-logic-013	consistency	inconsistent	hermit	Pass
TestCase:WebOnt-description-logic-013	consistency	inconsistent	pellet	Pass
TestCase:WebOnt-description-logic-014	consistency	inconsistent	factpp	Pass
TestCase:WebOnt-description-logic-014	consistency	inconsistent	hermit	Pass
TestCase:WebOnt-description-logic-014	consistency	inconsistent	pellet	Pass
TestCase:WebOnt-description-logic-015	consistency	inconsistent	factpp	Pass
TestCase:WebOnt-description-logic-015	consistency	inconsistent	hermit	Pass
TestCase:WebOnt-description-logic-015	consistency	inconsistent	pellet	Pass
TestCase:WebOnt-description-logic-016	consistency	consistent	factpp	Pass
TestCase:WebOnt-description-logic-016	consistency	consistent	hermit	Pass
TestCase:WebOnt-description-logic-016	consistency	consistent	pellet	Pass
TestCase:WebOnt-description-logic-017	consistency	inconsistent	factpp	Pass
TestCase:WebOnt-description-logic-017	consistency	inconsistent	hermit	Pass
TestCase:WebOnt-description-logic-017	consistency	inconsistent	pellet	Pass
TestCase:WebOnt-description-logic-018	consistency	consistent	factpp	Pass
TestCase:WebOnt-description-logic-018	consistency	consistent	hermit	Pass
TestCase:WebOnt-description-logic-018	consistency	consistent	pellet	Pass
TestCase:WebOnt-description-logic-019	consistency	inconsistent	factpp	Pass
TestCase:WebOnt-description-logic-019	consistency	inconsistent	hermit	Pass
TestCase:WebOnt-description-logic-019	consistency	inconsistent	pellet	Pass
TestCase:WebOnt-description-logic-020	consistency	consistent	factpp	Pass
TestCase:WebOnt-description-logic-020	consistency	consistent	hermit	Pass
TestCase:WebOnt-description-logic-020	consistency	consistent	pellet	Pass
TestCase:WebOnt-description-logic-021	consistency	consistent	factpp	Pass
TestCase:WebOnt-description-logic-021	consistency	consistent	hermit	Pass
TestCase:WebOnt-description-logic-021	consistency	consistent	pellet	Pass
TestCase:WebOnt-description-logic-022	consistency	inconsistent	factpp	Pass
TestCase:WebOnt-description-logic-022	consistency	inconsistent	hermit	Pass
TestCase:WebOnt-description-logic-022	consistency	inconsistent	pellet	Pass
TestCase:WebOnt-description-logic-023	consistency	inconsistent	factpp	Pass
TestCase:WebOnt-description-logic-023	consistency	inconsistent	hermit	Pass
TestCase:WebOnt-description-logic-023	consistency	inconsistent	pellet	Pass
TestCase:WebOnt-description-logic-024	consistency	consistent	factpp	Pass
TestCase:WebOnt-description-logic-024	consistency	consistent	hermit	Pass
TestCase:WebOnt-description-logic-024	consistency	consistent	pellet	Pass
TestCase:WebOnt-description-logic-025	consistency	consistent	factpp	Pass
TestCase:WebOnt-description-logic-025	consistency	consistent	hermit	Pass
TestCase:WebOnt-description-logic-025	consistency	consistent	pellet	Pass
TestCase:WebOnt-description-logic-026	consistency	inconsistent	factpp	Pass
TestCase:WebOnt-description-logic-026	consistency	inconsistent	hermit	Pass
TestCase:WebOnt-description-logic-026	consistency	inconsistent	pellet	Pass
TestCase:WebOnt-description-logic-027	consistency	inconsistent	factpp	Pass
TestCase:WebOnt-description-logic-027	consistency	inconsistent	hermit	Pass
TestCase:WebOnt-description-logic-027	consistency	inconsistent	pellet	Pass
TestCase:WebOnt-description-logic-028	consistency	consistent	factpp	Pass
TestCase:WebOnt-description-logic-028	consistency	consistent	hermit	Pass
TestCase:WebOnt-description-logic-028	consistency	consistent	pellet	Pass
TestCase:WebOnt-description-logic-029	consistency	inconsistent	factpp	Pass
TestCase:WebOnt-description-logic-029	consistency	inconsistent	hermit	Pass
TestCase:WebOnt-description-logic-029	consistency	inconsistent	pellet	Pass
TestCase:WebOnt-description-logic-030	consistency	inconsistent	factpp	Pass
TestCase:WebOnt-description-logic-030	consistency	inconsistent	hermit	Pass
TestCase:WebOnt-description-logic-030	consistency	inconsistent	pellet	Pass
TestCase:WebOnt-description-logic-031	consistency	consistent	factpp	Pass
TestCase:WebOnt-description-logic-031	consistency	consistent	hermit	Pass
TestCase:WebOnt-description-logic-031	consistency	consistent	pellet	Pass
TestCase:WebOnt-description-logic-032	consistency	inconsistent	factpp	Pass
TestCase:WebOnt-description-logic-032	consistency	inconsistent	hermit	Pass
TestCase:WebOnt-description-logic-032	consistency	inconsistent	pellet	Pass
TestCase:WebOnt-description-logic-033	consistency	inconsistent	factpp	Pass
TestCase:WebOnt-description-logic-033	consistency	inconsistent	hermit	Pass
TestCase:WebOnt-description-logic-033	consistency	inconsistent	pellet	Pass
TestCase:WebOnt-description-logic-034	consistency	consistent	factpp	Pass
TestCase:WebOnt-description-logic-034	consistency	consistent	hermit	Pass
TestCase:WebOnt-description-logic-034	consistency	consistent	pellet	Pass
TestCase:WebOnt-description-logic-035	consistency	inconsistent	factpp	Pass
TestCase:WebOnt-description-logic-035	consistency	inconsistent	hermit	Pass
TestCase:WebOnt-description-logic-035	consistency	inconsistent	pellet	Pass
TestCase:WebOnt-description-logic-040	consistency	inconsistent	factpp	Pass
TestCase:WebOnt-description-logic-040	consistency	inconsistent	hermit	Pass
TestCase:WebOnt-description-logic-040	consistency	inconsistent	pellet	Pass
TestCase:WebOnt-description-logic-101	consistency	inconsistent	factpp	Pass
TestCase:WebOnt-description-logic-101	consistency	inconsistent	hermit	Pass
TestCase:WebOnt-description-logic-101	consistency	inconsistent	pellet	Pass
TestCase:WebOnt-description-logic-102	consistency	inconsistent	factpp	Pass
TestCase:WebOnt-description-logic-102	consistency	inconsistent	hermit	Pass
TestCase:WebOnt-description-logic-102	consistency	inconsistent	pellet	Pass
TestCase:WebOnt-description-logic-103	consistency	inconsistent	factpp	Pass
TestCase:WebOnt-description-logic-103	consistency	inconsistent	hermit	Pass
TestCase:WebOnt-description-logic-103	consistency	inconsistent	pellet	Pass
TestCase:WebOnt-description-logic-104	consistency	inconsistent	factpp	Pass
TestCase:WebOnt-description-logic-104	consistency	inconsistent	hermit	Pass
TestCase:WebOnt-description-logic-104	consistency	inconsistent	pellet	Pass
TestCase:WebOnt-description-logic-105	consistency	inconsistent	factpp	Pass
TestCase:WebOnt-description-logic-105	consistency	inconsistent	hermit	Pass
TestCase:WebOnt-description-logic-105	consistency	inconsistent	pellet	Pass
TestCase:WebOnt-description-logic-106	consistency	inconsistent	factpp	Pass
TestCase:WebOnt-description-logic-106	consistency	inconsistent	hermit	Pass
TestCase:WebOnt-description-logic-106	consistency	inconsistent	pellet	Pass
TestCase:WebOnt-description-logic-107	consistency	inconsistent	factpp	Pass
TestCase:WebOnt-description-logic-107	consistency	inconsistent	hermit	Pass
TestCase:WebOnt-description-logic-107	consistency	inconsistent	pellet	Pass
TestCase:WebOnt-description-logic-108	consistency	inconsistent	factpp	Pass
TestCase:WebOnt-description-logic-108	consistency	inconsistent	hermit	Pass
TestCase:WebOnt-description-logic-108	consistency	inconsistent	pellet	Pass
TestCase:WebOnt-description-logic-109	consistency	inconsistent	factpp	Pass
TestCase:WebOnt-description-logic-109	consistency	inconsistent	hermit	Pass
TestCase:WebOnt-description-logic-109	consistency	inconsistent	pellet	Pass
TestCase:WebOnt-description-logic-110	consistency	inconsistent	factpp	Pass
TestCase:WebOnt-description-logic-110	consistency	inconsistent	hermit	Pass
TestCase:WebOnt-description-logic-110	consistency	inconsistent	pellet	Pass
TestCase:WebOnt-description-logic-111	consistency	inconsistent	factpp	Pass
TestCase:WebOnt-description-logic-111	consistency	inconsistent	hermit	Pass
TestCase:WebOnt-description-logic-111	consistency	inconsistent	pellet	Pass
TestCase:WebOnt-description-logic-201	consistency	consistent	factpp	Pass
TestCase:WebOnt-description-logic-201	consistency	consistent	hermit	Pass
TestCase:WebOnt-description-logic-201	consistency	consistent	pellet	Pass
TestCase:WebOnt-description-logic-201	entailment	entailed	factpp	Pass
TestCase:WebOnt-description-logic-201	entailment	entailed	hermit	Pass
TestCase:WebOnt-description-logic-201	entailment	entailed	pellet	Pass
TestCase:WebOnt-description-logic-205	consistency	consistent	factpp	Pass
TestCase:WebOnt-description-logic-205	consistency	consistent	hermit	Pass
TestCase:WebOnt-description-logic-205	consistency	consistent	pellet	Pass
TestCase:WebOnt-description-logic-205	entailment	entailed	factpp	Pass
TestCase:WebOnt-description-logic-205	entailment	entailed	hermit	Pass
TestCase:WebOnt-description-logic-205	entailment	entailed	pellet	Pass
TestCase:WebOnt-description-logic-207	consistency	consistent	factpp	Pass
TestCase:WebOnt-description-logic-207	consistency	consistent	hermit	Pass
TestCase:WebOnt-description-logic-207	consistency	consistent	pellet	Pass
TestCase:WebOnt-description-logic-207	entailment	entailed	factpp	Pass
TestCase:WebOnt-description-logic-207	entailment	entailed	hermit	Pass
TestCase:WebOnt-description-logic-207	entailment	entailed	pellet	Pass
TestCase:WebOnt-description-logic-208	consistency	consistent	factpp	Pass
TestCase:WebOnt-description-logic-208	consistency	consistent	hermit	Pass
TestCase:WebOnt-description-logic-208	consistency	consistent	pellet	Pass
TestCase:WebOnt-description-logic-208	entailment	entailed	factpp	Pass
TestCase:WebOnt-description-logic-208	entailment	entailed	hermit	Pass
TestCase:WebOnt-description-logic-208	entailment	entailed	pellet	Pass
TestCase:WebOnt-description-logic-209	consistency	consistent	factpp	Pass
TestCase:WebOnt-description-logic-209	consistency	consistent	hermit	Pass
TestCase:WebOnt-description-logic-209	consistency	consistent	pellet	Pass
TestCase:WebOnt-description-logic-209	entailment	not-entailed	factpp	Pass
TestCase:WebOnt-description-logic-209	entailment	not-entailed	hermit	Pass
TestCase:WebOnt-description-logic-209	entailment	not-entailed	pellet	Pass
TestCase:WebOnt-description-logic-501	consistency	consistent	factpp	Pass
TestCase:WebOnt-description-logic-501	consistency	consistent	hermit	Pass
TestCase:WebOnt-description-logic-501	consistency	consistent	pellet	Pass
TestCase:WebOnt-description-logic-502	consistency	inconsistent	factpp	Pass
TestCase:WebOnt-description-logic-502	consistency	inconsistent	hermit	Pass
TestCase:WebOnt-description-logic-502	consistency	inconsistent	pellet	Pass
TestCase:WebOnt-description-logic-503	consistency	consistent	factpp	Pass
TestCase:WebOnt-description-logic-503	consistency	consistent	hermit	Pass
TestCase:WebOnt-description-logic-503	consistency	consistent	pellet	Pass
TestCase:WebOnt-description-logic-504	consistency	inconsistent	factpp	Pass
TestCase:WebOnt-description-logic-504	consistency	inconsistent	hermit	Pass
TestCase:WebOnt-description-logic-504	consistency	inconsistent	pellet	Pass
TestCase:WebOnt-description-logic-601	consistency	inconsistent	factpp	Pass
TestCase:WebOnt-description-logic-601	consistency	inconsistent	hermit	Pass
TestCase:WebOnt-description-logic-601	consistency	inconsistent	pellet	Pass
TestCase:WebOnt-description-logic-602	consistency	inconsistent	factpp	Pass
TestCase:WebOnt-description-logic-602	consistency	inconsistent	hermit	Pass
TestCase:WebOnt-description-logic-602	consistency	inconsistent	pellet	Pass
TestCase:WebOnt-description-logic-603	consistency	inconsistent	factpp	Pass
TestCase:WebOnt-description-logic-603	consistency	inconsistent	hermit	Pass
TestCase:WebOnt-description-logic-603	consistency	inconsistent	pellet	Pass
TestCase:WebOnt-description-logic-604	consistency	inconsistent	factpp	Pass
TestCase:WebOnt-description-logic-604	consistency	inconsistent	hermit	Pass
TestCase:WebOnt-description-logic-604	consistency	inconsistent	pellet	Pass
TestCase:WebOnt-description-logic-605	consistency	consistent	factpp	Pass
TestCase:WebOnt-description-logic-605	consistency	consistent	hermit	Pass
TestCase:WebOnt-description-logic-605	consistency	consistent	pellet	Pass
TestCase:WebOnt-description-logic-606	consistency	consistent	factpp	Pass
TestCase:WebOnt-description-logic-606	consistency	consistent	hermit	Pass
TestCase:WebOnt-description-logic-606	consistency	consistent	pellet	Pass
TestCase:WebOnt-description-logic-608	consistency	inconsistent	factpp	Pass
TestCase:WebOnt-description-logic-608	consistency	inconsistent	hermit	Pass
TestCase:WebOnt-description-logic-608	consistency	inconsistent	pellet	Pass
TestCase:WebOnt-description-logic-609	consistency	consistent	factpp	Pass
TestCase:WebOnt-description-logic-609	consistency	consistent	hermit	Pass
TestCase:WebOnt-description-logic-609	consistency	consistent	pellet	Pass
TestCase:WebOnt-description-logic-610	consistency	inconsistent	factpp	Pass
TestCase:WebOnt-description-logic-610	consistency	inconsistent	hermit	Pass
TestCase:WebOnt-description-logic-610	consistency	inconsistent	pellet	Pass
TestCase:WebOnt-description-logic-611	consistency	inconsistent	factpp	Pass
TestCase:WebOnt-description-logic-611	consistency	inconsistent	hermit	Pass
TestCase:WebOnt-description-logic-611	consistency	inconsistent	pellet	Pass
TestCase:WebOnt-description-logic-612	consistency	inconsistent	factpp	Pass
TestCase:WebOnt-description-logic-612	consistency	inconsistent	hermit	Pass
TestCase:WebOnt-description-logic-612	consistency	inconsistent	pellet	Pass
TestCase:WebOnt-description-logic-613	consistency	inconsistent	factpp	Pass
TestCase:WebOnt-description-logic-613	consistency	inconsistent	hermit	Pass
TestCase:WebOnt-description-logic-613	consistency	inconsistent	pellet	Pass
TestCase:WebOnt-description-logic-614	consistency	inconsistent	factpp	Pass
TestCase:WebOnt-description-logic-614	consistency	inconsistent	hermit	Pass
TestCase:WebOnt-description-logic-614	consistency	inconsistent	pellet	Pass
TestCase:WebOnt-description-logic-615	consistency	inconsistent	factpp	Pass
TestCase:WebOnt-description-logic-615	consistency	inconsistent	hermit	Pass
TestCase:WebOnt-description-logic-615	consistency	inconsistent	pellet	Pass
TestCase:WebOnt-description-logic-616	consistency	consistent	factpp	Pass
TestCase:WebOnt-description-logic-616	consistency	consistent	hermit	Pass
TestCase:WebOnt-description-logic-616	consistency	consistent	pellet	Pass
TestCase:WebOnt-description-logic-617	consistency	inconsistent	factpp	Pass
TestCase:WebOnt-description-logic-617	consistency	inconsistent	hermit	Pass
TestCase:WebOnt-description-logic-617	consistency	inconsistent	pellet	Pass
TestCase:WebOnt-description-logic-623	consistency	inconsistent	factpp	Pass
TestCase:WebOnt-description-logic-623	consistency	inconsistent	hermit	Pass
TestCase:WebOnt-description-logic-623	consistency	inconsistent	pellet	Pass
TestCase:WebOnt-description-logic-624	consistency	consistent	factpp	Pass
TestCase:WebOnt-description-logic-624	consistency	consistent	hermit	Pass
TestCase:WebOnt-description-logic-624	consistency	consistent	pellet	Pass
TestCase:WebOnt-description-logic-625	consistency	consistent	factpp	Pass
TestCase:WebOnt-description-logic-625	consistency	consistent	hermit	Pass
TestCase:WebOnt-description-logic-625	consistency	consistent	pellet	Pass
TestCase:WebOnt-description-logic-626	consistency	inconsistent	factpp	Pass
TestCase:WebOnt-description-logic-626	consistency	inconsistent	hermit	Pass
TestCase:WebOnt-description-logic-626	consistency	inconsistent	pellet	Pass
TestCase:WebOnt-description-logic-627	consistency	inconsistent	factpp	Pass
TestCase:WebOnt-description-logic-627	consistency	inconsistent	hermit	Pass
TestCase:WebOnt-description-logic-627	consistency	inconsistent	pellet	Pass
TestCase:WebOnt-description-logic-628	consistency	consistent	factpp	Pass
TestCase:WebOnt-description-logic-628	consistency	consistent	hermit	Pass
TestCase:WebOnt-description-logic-628	consistency	consistent	pellet	Pass
TestCase:WebOnt-description-logic-629	consistency	inconsistent	factpp	Pass
TestCase:WebOnt-description-logic-629	consistency	inconsistent	hermit	Pass
TestCase:WebOnt-description-logic-629	consistency	inconsistent	pellet	Pass
TestCase:WebOnt-description-logic-630	consistency	inconsistent	factpp	Pass
TestCase:WebOnt-description-logic-630	consistency	inconsistent	hermit	Pass
TestCase:WebOnt-description-logic-630	consistency	inconsistent	pellet	Pass
TestCase:WebOnt-description-logic-631	consistency	consistent	factpp	Pass
TestCase:WebOnt-description-logic-631	consistency	consistent	hermit	Pass
TestCase:WebOnt-description-logic-631	consistency	consistent	pellet	Pass
TestCase:WebOnt-description-logic-632	consistency	inconsistent	factpp	Pass
TestCase:WebOnt-description-logic-632	consistency	inconsistent	hermit	Pass
TestCase:WebOnt-description-logic-632	consistency	inconsistent	pellet	Pass
TestCase:WebOnt-description-logic-633	consistency	inconsistent	factpp	Pass
TestCase:WebOnt-description-logic-633	consistency	inconsistent	hermit	Pass
TestCase:WebOnt-description-logic-633	consistency	inconsistent	pellet	Pass
TestCase:WebOnt-description-logic-634	consistency	consistent	factpp	Pass
TestCase:WebOnt-description-logic-634	consistency	consistent	hermit	Pass
TestCase:WebOnt-description-logic-634	consistency	consistent	pellet	Pass
TestCase:WebOnt-description-logic-641	consistency	inconsistent	factpp	Pass
TestCase:WebOnt-description-logic-641	consistency	inconsistent	hermit	Pass
TestCase:WebOnt-description-logic-641	consistency	inconsistent	pellet	Pass
TestCase:WebOnt-description-logic-642	consistency	inconsistent	factpp	Pass
TestCase:WebOnt-description-logic-642	consistency	inconsistent	hermit	Pass
TestCase:WebOnt-description-logic-642	consistency	inconsistent	pellet	Pass
TestCase:WebOnt-description-logic-643	consistency	inconsistent	factpp	Pass
TestCase:WebOnt-description-logic-643	consistency	inconsistent	hermit	Pass
TestCase:WebOnt-description-logic-643	consistency	inconsistent	pellet	Pass
TestCase:WebOnt-description-logic-644	consistency	inconsistent	factpp	Pass
TestCase:WebOnt-description-logic-644	consistency	inconsistent	hermit	Pass
TestCase:WebOnt-description-logic-644	consistency	inconsistent	pellet	Pass
TestCase:WebOnt-description-logic-646	consistency	inconsistent	factpp	Pass
TestCase:WebOnt-description-logic-646	consistency	inconsistent	hermit	Pass
TestCase:WebOnt-description-logic-646	consistency	inconsistent	pellet	Pass
TestCase:WebOnt-description-logic-650	consistency	inconsistent	factpp	Pass
TestCase:WebOnt-description-logic-650	consistency	inconsistent	hermit	Pass
TestCase:WebOnt-description-logic-650	consistency	inconsistent	pellet	Pass
TestCase:WebOnt-description-logic-661	consistency	consistent	factpp	Pass
TestCase:WebOnt-description-logic-661	consistency	consistent	hermit	Pass
TestCase:WebOnt-description-logic-661	consistency	consistent	pellet	Pass
TestCase:WebOnt-description-logic-661	entailment	entailed	factpp	Pass
TestCase:WebOnt-description-logic-661	entailment	entailed	hermit	Pass
TestCase:WebOnt-description-logic-661	entailment	entailed	pellet	Pass
TestCase:WebOnt-description-logic-665	consistency	consistent	factpp	Pass
TestCase:WebOnt-description-logic-665	consistency	consistent	hermit	Pass
TestCase:WebOnt-description-logic-665	consistency	consistent	pellet	Pass
TestCase:WebOnt-description-logic-665	entailment	entailed	factpp	Pass
TestCase:WebOnt-description-logic-665	entailment	entailed	hermit	Pass
TestCase:WebOnt-description-logic-665	entailment	entailed	pellet	Pass
TestCase:WebOnt-description-logic-667	consistency	consistent	factpp	Pass
TestCase:WebOnt-description-logic-667	consistency	consistent	hermit	Pass
TestCase:WebOnt-description-logic-667	consistency	consistent	pellet	Pass
TestCase:WebOnt-description-logic-667	entailment	entailed	factpp	Pass
TestCase:WebOnt-description-logic-667	entailment	entailed	hermit	Pass
TestCase:WebOnt-description-logic-667	entailment	entailed	pellet	Pass
TestCase:WebOnt-description-logic-901	consistency	consistent	factpp	Pass
TestCase:WebOnt-description-logic-901	consistency	consistent	hermit	Pass
TestCase:WebOnt-description-logic-901	consistency	consistent	pellet	Pass
TestCase:WebOnt-description-logic-901	entailment	entailed	factpp	Pass
TestCase:WebOnt-description-logic-901	entailment	entailed	hermit	Pass
TestCase:WebOnt-description-logic-901	entailment	entailed	pellet	Pass
TestCase:WebOnt-description-logic-902	consistency	consistent	factpp	Pass
TestCase:WebOnt-description-logic-902	consistency	consistent	hermit	Pass
TestCase:WebOnt-description-logic-902	consistency	consistent	pellet	Pass
TestCase:WebOnt-description-logic-902	entailment	not-entailed	factpp	Pass
TestCase:WebOnt-description-logic-902	entailment	not-entailed	hermit	Pass
TestCase:WebOnt-description-logic-902	entailment	not-entailed	pellet	Pass
TestCase:WebOnt-description-logic-905	consistency	consistent	factpp	Pass
TestCase:WebOnt-description-logic-905	consistency	consistent	hermit	Pass
TestCase:WebOnt-description-logic-905	consistency	consistent	pellet	Pass
TestCase:WebOnt-description-logic-908	consistency	consistent	factpp	Pass
TestCase:WebOnt-description-logic-908	consistency	consistent	hermit	Pass
TestCase:WebOnt-description-logic-908	consistency	consistent	pellet	Incomplete
TestCase:WebOnt-differentFrom-001	consistency	consistent	factpp	Pass
TestCase:WebOnt-differentFrom-001	consistency	consistent	hermit	Pass
TestCase:WebOnt-differentFrom-001	consistency	consistent	pellet	Pass
TestCase:WebOnt-differentFrom-001	entailment	entailed	factpp	Pass
TestCase:WebOnt-differentFrom-001	entailment	entailed	hermit	Pass
TestCase:WebOnt-differentFrom-001	entailment	entailed	pellet	Pass
TestCase:WebOnt-disjointWith-001	consistency	consistent	factpp	Pass
TestCase:WebOnt-disjointWith-001	consistency	consistent	hermit	Pass
TestCase:WebOnt-disjointWith-001	consistency	consistent	pellet	Pass
TestCase:WebOnt-disjointWith-001	entailment	entailed	factpp	Pass
TestCase:WebOnt-disjointWith-001	entailment	entailed	hermit	Pass
TestCase:WebOnt-disjointWith-001	entailment	entailed	pellet	Pass
TestCase:WebOnt-disjointWith-003	consistency	consistent	factpp	Pass
TestCase:WebOnt-disjointWith-003	consistency	consistent	hermit	Pass
TestCase:WebOnt-disjointWith-003	consistency	consistent	pellet	Pass
TestCase:WebOnt-disjointWith-004	consistency	consistent	factpp	Pass
TestCase:WebOnt-disjointWith-004	consistency	consistent	hermit	Pass
TestCase:WebOnt-disjointWith-004	consistency	consistent	pellet	Pass
TestCase:WebOnt-disjointWith-005	consistency	consistent	factpp	Pass
TestCase:WebOnt-disjointWith-005	consistency	consistent	hermit	Pass
TestCase:WebOnt-disjointWith-005	consistency	consistent	pellet	Pass
TestCase:WebOnt-disjointWith-006	consistency	consistent	factpp	Pass
TestCase:WebOnt-disjointWith-006	consistency	consistent	hermit	Pass
TestCase:WebOnt-disjointWith-006	consistency	consistent	pellet	Pass
TestCase:WebOnt-disjointWith-007	consistency	consistent	factpp	Pass
TestCase:WebOnt-disjointWith-007	consistency	consistent	hermit	Pass
TestCase:WebOnt-disjointWith-007	consistency	consistent	pellet	Pass
TestCase:WebOnt-disjointWith-008	consistency	consistent	factpp	Pass
TestCase:WebOnt-disjointWith-008	consistency	consistent	hermit	Pass
TestCase:WebOnt-disjointWith-008	consistency	consistent	pellet	Pass
TestCase:WebOnt-disjointWith-009	consistency	consistent	factpp	Pass
TestCase:WebOnt-disjointWith-009	consistency	consistent	hermit	Pass
TestCase:WebOnt-disjointWith-009	consistency	consistent	pellet	Pass
TestCase:WebOnt-equivalentClass-001	consistency	consistent	factpp	Pass
TestCase:WebOnt-equivalentClass-001	consistency	consistent	hermit	Pass
TestCase:WebOnt-equivalentClass-001	consistency	consistent	pellet	Pass
TestCase:WebOnt-equivalentClass-001	entailment	entailed	factpp	Pass
TestCase:WebOnt-equivalentClass-001	entailment	entailed	hermit	Pass
TestCase:WebOnt-equivalentClass-001	entailment	entailed	pellet	Pass
TestCase:WebOnt-equivalentClass-002	consistency	consistent	factpp	Pass
TestCase:WebOnt-equivalentClass-002	consistency	consistent	hermit	Pass
TestCase:WebOnt-equivalentClass-002	consistency	consistent	pellet	Pass
TestCase:WebOnt-equivalentClass-002	entailment	entailed	factpp	Pass
TestCase:WebOnt-equivalentClass-002	entailment	entailed	hermit	Pass
TestCase:WebOnt-equivalentClass-002	entailment	entailed	pellet	Pass
TestCase:WebOnt-equivalentClass-003	consistency	consistent	factpp	Pass
TestCase:WebOnt-equivalentClass-003	consistency	consistent	hermit	Pass
TestCase:WebOnt-equivalentClass-003	consistency	consistent	pellet	Pass
TestCase:WebOnt-equivalentClass-003	entailment	entailed	factpp	Pass
TestCase:WebOnt-equivalentClass-003	entailment	entailed	hermit	Pass
TestCase:WebOnt-equivalentClass-003	entailment	entailed	pellet	Pass
TestCase:WebOnt-equivalentClass-004	consistency	consistent	factpp	Pass
TestCase:WebOnt-equivalentClass-004	consistency	consistent	hermit	Pass
TestCase:WebOnt-equivalentClass-004	consistency	consistent	pellet	Pass
TestCase:WebOnt-equivalentClass-004	entailment	entailed	factpp	Pass
TestCase:WebOnt-equivalentClass-004	entailment	entailed	hermit	Pass
TestCase:WebOnt-equivalentClass-004	entailment	entailed	pellet	Pass
TestCase:WebOnt-equivalentClass-005	consistency	consistent	factpp	Pass
TestCase:WebOnt-equivalentClass-005	consistency	consistent	hermit	Pass
TestCase:WebOnt-equivalentClass-005	consistency	consistent	pellet	Pass
TestCase:WebOnt-equivalentClass-005	entailment	not-entailed	factpp	Pass
TestCase:WebOnt-equivalentClass-005	entailment	not-entailed	hermit	Pass
TestCase:WebOnt-equivalentClass-005	entailment	not-entailed	pellet	Pass
TestCase:WebOnt-equivalentClass-006	consistency	consistent	factpp	Pass
TestCase:WebOnt-equivalentClass-006	consistency	consistent	hermit	Pass
TestCase:WebOnt-equivalentClass-006	consistency	consistent	pellet	Pass
TestCase:WebOnt-equivalentClass-006	entailment	entailed	factpp	Pass
TestCase:WebOnt-equivalentClass-006	entailment	entailed	hermit	Pass
TestCase:WebOnt-equivalentClass-006	entailment	entailed	pellet	Pass
TestCase:WebOnt-equivalentClass-008-Direct	consistency	consistent	factpp	Pass
TestCase:WebOnt-equivalentClass-008-Direct	consistency	consistent	hermit	Pass
TestCase:WebOnt-equivalentClass-008-Direct	consistency	consistent	pellet	Pass
TestCase:WebOnt-equivalentClass-008-Direct	entailment	entailed	factpp	Pass
TestCase:WebOnt-equivalentClass-008-Direct	entailment	entailed	hermit	Pass
TestCase:WebOnt-equivalentClass-008-Direct	entailment	entailed	pellet	Pass
TestCase:WebOnt-equivalentClass-009	consistency	consistent	factpp	Pass
TestCase:WebOnt-equivalentClass-009	consistency	consistent	hermit	Pass
TestCase:WebOnt-equivalentClass-009	consistency	consistent	pellet	Pass
TestCase:WebOnt-equivalentProperty-001	consistency	consistent	factpp	Pass
TestCase:WebOnt-equivalentProperty-001	consistency	consistent	hermit	Pass
TestCase:WebOnt-equivalentProperty-001	consistency	consistent	pellet	Pass
TestCase:WebOnt-equivalentProperty-001	entailment	entailed	factpp	Pass
TestCase:WebOnt-equivalentProperty-001	entailment	entailed	hermit	Pass
TestCase:WebOnt-equivalentProperty-001	entailment	entailed	pellet	Pass
TestCase:WebOnt-equivalentProperty-002	consistency	consistent	factpp	Pass
TestCase:WebOnt-equivalentProperty-002	consistency	consistent	hermit	Pass
TestCase:WebOnt-equivalentProperty-002	consistency	consistent	pellet	Pass
TestCase:WebOnt-equivalentProperty-002	entailment	entailed	factpp	Incomplete
TestCase:WebOnt-equivalentProperty-002	entailment	entailed	hermit	Pass
TestCase:WebOnt-equivalentProperty-002	entailment	entailed	pellet	Pass
TestCase:WebOnt-equivalentProperty-003	consistency	consistent	factpp	Pass
TestCase:WebOnt-equivalentProperty-003	consistency	consistent	hermit	Pass
TestCase:WebOnt-equivalentProperty-003	consistency	consistent	pellet	Pass
TestCase:WebOnt-equivalentProperty-003	entailment	entailed	factpp	Incomplete
TestCase:WebOnt-equivalentProperty-003	entailment	entailed	hermit	Pass
TestCase:WebOnt-equivalentProperty-003	entailment	entailed	pellet	Pass
TestCase:WebOnt-equivalentProperty-004	consistency	consistent	factpp	Pass
TestCase:WebOnt-equivalentProperty-004	consistency	consistent	hermit	Pass
TestCase:WebOnt-equivalentProperty-004	consistency	consistent	pellet	Pass
TestCase:WebOnt-equivalentProperty-004	entailment	entailed	factpp	Incomplete
TestCase:WebOnt-equivalentProperty-004	entailment	entailed	hermit	Pass
TestCase:WebOnt-equivalentProperty-004	entailment	entailed	pellet	Pass
TestCase:WebOnt-imports-011	consistency	consistent	factpp	Pass
TestCase:WebOnt-imports-011	consistency	consistent	hermit	Pass
TestCase:WebOnt-imports-011	consistency	consistent	pellet	Pass
TestCase:WebOnt-imports-011	entailment	entailed	factpp	Incomplete
TestCase:WebOnt-imports-011	entailment	entailed	hermit	Pass
TestCase:WebOnt-imports-011	entailment	entailed	pellet	Pass
TestCase:WebOnt-maxCardinality-001	consistency	inconsistent	factpp	Pass
TestCase:WebOnt-maxCardinality-001	consistency	inconsistent	hermit	Pass
TestCase:WebOnt-maxCardinality-001	consistency	inconsistent	pellet	Pass
TestCase:WebOnt-miscellaneous-001	consistency	consistent	factpp	Pass
TestCase:WebOnt-miscellaneous-001	consistency	consistent	hermit	Pass
TestCase:WebOnt-miscellaneous-001	consistency	consistent	pellet	Pass
TestCase:WebOnt-miscellaneous-002	consistency	consistent	factpp	Pass
TestCase:WebOnt-miscellaneous-002	consistency	consistent	hermit	Pass
TestCase:WebOnt-miscellaneous-002	consistency	consistent	pellet	Pass
TestCase:WebOnt-miscellaneous-102	consistency	consistent	factpp	Pass
TestCase:WebOnt-miscellaneous-102	consistency	consistent	hermit	Pass
TestCase:WebOnt-miscellaneous-102	consistency	consistent	pellet	Pass
TestCase:WebOnt-miscellaneous-103	consistency	consistent	factpp	Pass
TestCase:WebOnt-miscellaneous-103	consistency	consistent	hermit	Pass
TestCase:WebOnt-miscellaneous-103	consistency	consistent	pellet	Pass
TestCase:WebOnt-miscellaneous-202	consistency	consistent	factpp	Pass
TestCase:WebOnt-miscellaneous-202	consistency	consistent	hermit	Pass
TestCase:WebOnt-miscellaneous-202	consistency	consistent	pellet	Pass
TestCase:WebOnt-miscellaneous-203	consistency	inconsistent	factpp	Fail
TestCase:WebOnt-miscellaneous-203	consistency	inconsistent	hermit	Pass
TestCase:WebOnt-miscellaneous-203	consistency	inconsistent	pellet	Pass
TestCase:WebOnt-miscellaneous-204	consistency	inconsistent	factpp	Fail
TestCase:WebOnt-miscellaneous-204	consistency	inconsistent	hermit	Pass
TestCase:WebOnt-miscellaneous-204	consistency	inconsistent	pellet	Pass
TestCase:WebOnt-miscellaneous-302-Direct	consistency	consistent	factpp	Pass
TestCase:WebOnt-miscellaneous-302-Direct	consistency	consistent	hermit	Pass
TestCase:WebOnt-miscellaneous-302-Direct	consistency	consistent	pellet	Pass
TestCase:WebOnt-miscellaneous-302-Direct	entailment	entailed	factpp	Pass
TestCase:WebOnt-miscellaneous-302-Direct	entailment	entailed	hermit	Pass
TestCase:WebOnt-miscellaneous-302-Direct	entailment	entailed	pellet	Pass
TestCase:WebOnt-miscellaneous-303	consistency	consistent	factpp	Pass
TestCase:WebOnt-miscellaneous-303	consistency	consistent	hermit	Pass
TestCase:WebOnt-miscellaneous-303	consistency	consistent	pellet	Pass
TestCase:WebOnt-oneOf-001	consistency	consistent	factpp	Pass
TestCase:WebOnt-oneOf-001	consistency	consistent	hermit	Pass
TestCase:WebOnt-oneOf-001	consistency	consistent	pellet	Pass
TestCase:WebOnt-oneOf-004	consistency	consistent	factpp	Pass
TestCase:WebOnt-oneOf-004	consistency	consistent	hermit	Pass
TestCase:WebOnt-oneOf-004	consistency	consistent	pellet	Pass
TestCase:WebOnt-oneOf-004	entailment	entailed	factpp	Fail
TestCase:WebOnt-oneOf-004	entailment	entailed	hermit	Pass
TestCase:WebOnt-oneOf-004	entailment	entailed	pellet	Pass
TestCase:WebOnt-sameAs-001	consistency	consistent	factpp	Pass
TestCase:WebOnt-sameAs-001	consistency	consistent	hermit	Pass
TestCase:WebOnt-sameAs-001	consistency	consistent	pellet	Pass
TestCase:WebOnt-sameAs-001	entailment	entailed	factpp	Pass
TestCase:WebOnt-sameAs-001	entailment	entailed	hermit	Pass
TestCase:WebOnt-sameAs-001	entailment	entailed	pellet	Pass
TestCase:WebOnt-someValuesFrom-003	consistency	consistent	factpp	Pass
TestCase:WebOnt-someValuesFrom-003	consistency	consistent	hermit	Pass
TestCase:WebOnt-someValuesFrom-003	consistency	consistent	pellet	Pass
TestCase:WebOnt-someValuesFrom-003	entailment	entailed	factpp	Incomplete
TestCase:WebOnt-someValuesFrom-003	entailment	entailed	hermit	Pass
TestCase:WebOnt-someValuesFrom-003	entailment	entailed	pellet	Pass
TestCase:WebOnt-unionOf-003	consistency	consistent	factpp	Pass
TestCase:WebOnt-unionOf-003	consistency	consistent	hermit	Pass
TestCase:WebOnt-unionOf-003	consistency	consistent	pellet	Pass
TestCase:WebOnt-unionOf-003	entailment	entailed	factpp	Pass
TestCase:WebOnt-unionOf-003	entailment	entailed	hermit	Pass
TestCase:WebOnt-unionOf-003	entailment	entailed	pellet	Pass
TestCase:WebOnt-unionOf-004	consistency	consistent	factpp	Pass
TestCase:WebOnt-unionOf-004	consistency	consistent	hermit	Pass
TestCase:WebOnt-unionOf-004	consistency	consistent	pellet	Pass
TestCase:WebOnt-unionOf-004	entailment	entailed	factpp	Pass
TestCase:WebOnt-unionOf-004	entailment	entailed	hermit	Pass
TestCase:WebOnt-unionOf-004	entailment	entailed	pellet	Pass
Bnode2somevaluesfrom	consistency	consistent	factpp	Pass
Bnode2somevaluesfrom	consistency	consistent	hermit	Pass
Bnode2somevaluesfrom	consistency	consistent	pellet	Pass
Bnode2somevaluesfrom	entailment	entailed	factpp	Pass
Bnode2somevaluesfrom	entailment	entailed	hermit	Pass
Bnode2somevaluesfrom	entailment	entailed	pellet	Pass
Chain2trans	consistency	consistent	factpp	Pass
Chain2trans	consistency	consistent	hermit	Pass
Chain2trans	consistency	consistent	pellet	Pass
Chain2trans	entailment	entailed	factpp	Incomplete
Chain2trans	entailment	entailed	hermit	Pass
Chain2trans	entailment	entailed	pellet	Pass
Consistent-dataproperty-disjointness	consistency	consistent	factpp	Incomplete
Consistent-dataproperty-disjointness	consistency	consistent	hermit	Pass
Consistent-dataproperty-disjointness	consistency	consistent	pellet	Pass
Consistent-integer-filler	consistency	consistent	factpp	Incomplete
Consistent-integer-filler	consistency	consistent	hermit	Pass
Consistent-integer-filler	consistency	consistent	pellet	Pass
Datatype-restriction-min-max-inconsistency	consistency	inconsistent	factpp	Incomplete
Datatype-restriction-min-max-inconsistency	consistency	inconsistent	hermit	Pass
Datatype-restriction-min-max-inconsistency	consistency	inconsistent	pellet	Pass
Functionality-clash	consistency	inconsistent	factpp	Incomplete
Functionality-clash	consistency	inconsistent	hermit	Pass
Functionality-clash	consistency	inconsistent	pellet	Pass
Inconsistent-integer-filler	consistency	inconsistent	factpp	Incomplete
Inconsistent-integer-filler	consistency	inconsistent	hermit	Pass
Inconsistent-integer-filler	consistency	inconsistent	pellet	Pass
Inconsistent datatypes	consistency	inconsistent	factpp	Incomplete
Inconsistent datatypes	consistency	inconsistent	hermit	Pass
Inconsistent datatypes	consistency	inconsistent	pellet	Pass
One equals two	consistency	inconsistent	factpp	Pass
One equals two	consistency	inconsistent	hermit	Pass
One equals two	consistency	inconsistent	pellet	Pass
Owl2-rl-anonymous-individual	consistency	consistent	factpp	Pass
Owl2-rl-anonymous-individual	consistency	consistent	hermit	Pass
Owl2-rl-anonymous-individual	consistency	consistent	pellet	Pass
Owl2-rl-invalid-leftside-allvaluesfrom	consistency	consistent	factpp	Pass
Owl2-rl-invalid-leftside-allvaluesfrom	consistency	consistent	hermit	Pass
Owl2-rl-invalid-leftside-allvaluesfrom	consistency	consistent	pellet	Pass
Owl2-rl-invalid-leftside-maxcard	consistency	consistent	factpp	Pass
Owl2-rl-invalid-leftside-maxcard	consistency	consistent	hermit	Pass
Owl2-rl-invalid-leftside-maxcard	consistency	consistent	pellet	Pass
Owl2-rl-invalid-oneof	consistency	consistent	factpp	Pass
Owl2-rl-invalid-oneof	consistency	consistent	hermit	Pass
Owl2-rl-invalid-oneof	consistency	consistent	pellet	Pass
Owl2-rl-invalid-owlreal	consistency	consistent	factpp	Pass
Owl2-rl-invalid-owlreal	consistency	consistent	hermit	Pass
Owl2-rl-invalid-owlreal	consistency	consistent	pellet	Pass
Owl2-rl-invalid-rightside-somevaluesfrom	consistency	consistent	factpp	Pass
Owl2-rl-invalid-rightside-somevaluesfrom	consistency	consistent	hermit	Pass
Owl2-rl-invalid-rightside-somevaluesfrom	consistency	consistent	pellet	Pass
Owl2-rl-invalid-rightside-unionof	consistency	consistent	factpp	Pass
Owl2-rl-invalid-rightside-unionof	consistency	consistent	hermit	Pass
Owl2-rl-invalid-rightside-unionof	consistency	consistent	pellet	Pass
Owl2-rl-invalid-unionof	consistency	consistent	factpp	Pass
Owl2-rl-invalid-unionof	consistency	consistent	hermit	Pass
Owl2-rl-invalid-unionof	consistency	consistent	pellet	Pass
Owl2-rl-rules-fp-differentFrom	consistency	consistent	factpp	Pass
Owl2-rl-rules-fp-differentFrom	consistency	consistent	hermit	Pass
Owl2-rl-rules-fp-differentFrom	consistency	consistent	pellet	Pass
Owl2-rl-rules-fp-differentFrom	entailment	entailed	factpp	Pass
Owl2-rl-rules-fp-differentFrom	entailment	entailed	hermit	Pass
Owl2-rl-rules-fp-differentFrom	entailment	entailed	pellet	Pass
Owl2-rl-rules-ifp-differentFrom	consistency	consistent	factpp	Pass
Owl2-rl-rules-ifp-differentFrom	consistency	consistent	hermit	Pass
Owl2-rl-rules-ifp-differentFrom	consistency	consistent	pellet	Pass
Owl2-rl-rules-ifp-differentFrom	entailment	entailed	factpp	Pass
Owl2-rl-rules-ifp-differentFrom	entailment	entailed	hermit	Pass
Owl2-rl-rules-ifp-differentFrom	entailment	entailed	pellet	Pass
Owl2-rl-invalid-mincard	consistency	consistent	factpp	Pass
Owl2-rl-invalid-mincard	consistency	consistent	hermit	Pass
Owl2-rl-invalid-mincard	consistency	consistent	pellet	Pass
Owl2-rl-valid-oneof	consistency	consistent	factpp	Pass
Owl2-rl-valid-oneof	consistency	consistent	hermit	Pass
Owl2-rl-valid-oneof	consistency	consistent	pellet	Pass
Owl2-rl-valid-rightside-allvaluesfrom	consistency	consistent	factpp	Pass
Owl2-rl-valid-rightside-allvaluesfrom	consistency	consistent	hermit	Pass
Owl2-rl-valid-rightside-allvaluesfrom	consistency	consistent	pellet	Pass
Somevaluesfrom2bnode	consistency	consistent	factpp	Pass
Somevaluesfrom2bnode	consistency	consistent	hermit	Pass
Somevaluesfrom2bnode	consistency	consistent	pellet	Pass
Somevaluesfrom2bnode	entailment	entailed	factpp	Incomplete
Somevaluesfrom2bnode	entailment	entailed	hermit	Pass
Somevaluesfrom2bnode	entailment	entailed	pellet	Pass
String-integer-clash	consistency	inconsistent	factpp	Incomplete
String-integer-clash	consistency	inconsistent	hermit	Pass
String-integer-clash	consistency	inconsistent	pellet	Pass
TestCase:WebOnt-I5.8-001	consistency	inconsistent	factpp	Fail
TestCase:WebOnt-I5.8-001	consistency	inconsistent	hermit	Pass
TestCase:WebOnt-I5.8-001	consistency	inconsistent	pellet	Pass
TestCase:WebOnt-I5.8-002	consistency	consistent	factpp	Pass
TestCase:WebOnt-I5.8-002	consistency	consistent	hermit	Incomplete
TestCase:WebOnt-I5.8-002	consistency	consistent	pellet	Pass
TestCase:WebOnt-I5.8-003	consistency	inconsistent	factpp	Fail
TestCase:WebOnt-I5.8-003	consistency	inconsistent	hermit	Incomplete
TestCase:WebOnt-I5.8-003	consistency	inconsistent	pellet	Pass
TestCase:WebOnt-I5.8-004	consistency	consistent	factpp	Pass
TestCase:WebOnt-I5.8-004	consistency	consistent	hermit	Incomplete
TestCase:WebOnt-I5.8-004	consistency	consistent	pellet	Pass
TestCase:WebOnt-I5.8-004	entailment	entailed	factpp	Incomplete
TestCase:WebOnt-I5.8-004	entailment	entailed	hermit	Incomplete
TestCase:WebOnt-I5.8-004	entailment	entailed	pellet	Pass
TestCase:WebOnt-I5.8-005	consistency	consistent	factpp	Pass
TestCase:WebOnt-I5.8-005	consistency	consistent	hermit	Incomplete
TestCase:WebOnt-I5.8-005	consistency	consistent	pellet	Pass
TestCase:WebOnt-I5.8-005	entailment	not-entailed	factpp	Incomplete
TestCase:WebOnt-I5.8-005	entailment	not-entailed	hermit	Incomplete
TestCase:WebOnt-I5.8-005	entailment	not-entailed	pellet	Pass
TestCase:WebOnt-description-logic-202	consistency	consistent	factpp	Pass
TestCase:WebOnt-description-logic-202	consistency	consistent	hermit	Incomplete
TestCase:WebOnt-description-logic-202	consistency	consistent	pellet	Pass
TestCase:WebOnt-description-logic-202	entailment	entailed	factpp	Pass
TestCase:WebOnt-description-logic-202	entailment	entailed	hermit	Pass
TestCase:WebOnt-description-logic-202	entailment	entailed	pellet	Pass
TestCase:WebOnt-description-logic-203	consistency	consistent	factpp	Incomplete
TestCase:WebOnt-description-logic-203	consistency	consistent	hermit	Incomplete
TestCase:WebOnt-description-logic-203	consistency	consistent	pellet	Pass
TestCase:WebOnt-description-logic-203	entailment	entailed	factpp	Incomplete
TestCase:WebOnt-description-logic-203	entailment	entailed	hermit	Pass
TestCase:WebOnt-description-logic-203	entailment	entailed	pellet	Pass
TestCase:WebOnt-description-logic-204	consistency	consistent	factpp	Incomplete
TestCase:WebOnt-description-logic-204	consistency	consistent	hermit	Incomplete
TestCase:WebOnt-description-logic-204	consistency	consistent	pellet	Pass
TestCase:WebOnt-description-logic-204	entailment	entailed	factpp	Incomplete
TestCase:WebOnt-description-logic-204	entailment	entailed	hermit	Pass
TestCase:WebOnt-description-logic-204	entailment	entailed	pellet	Pass
TestCase:WebOnt-description-logic-206	consistency	consistent	factpp	Incomplete
TestCase:WebOnt-description-logic-206	consistency	consistent	hermit	Incomplete
TestCase:WebOnt-description-logic-206	consistency	consistent	pellet	Pass
TestCase:WebOnt-description-logic-206	entailment	entailed	factpp	Incomplete
TestCase:WebOnt-description-logic-206	entailment	entailed	hermit	Pass
TestCase:WebOnt-description-logic-206	entailment	entailed	pellet	Pass
TestCase:WebOnt-description-logic-662	consistency	consistent	factpp	Incomplete
TestCase:WebOnt-description-logic-662	consistency	consistent	hermit	Incomplete
TestCase:WebOnt-description-logic-662	consistency	consistent	pellet	Pass
TestCase:WebOnt-description-logic-662	entailment	entailed	factpp	Incomplete
TestCase:WebOnt-description-logic-662	entailment	entailed	hermit	Pass
TestCase:WebOnt-description-logic-662	entailment	entailed	pellet	Incomplete
TestCase:WebOnt-description-logic-663	consistency	consistent	factpp	Incomplete
TestCase:WebOnt-description-logic-663	consistency	consistent	hermit	Incomplete
TestCase:WebOnt-description-logic-663	consistency	consistent	pellet	Incomplete
TestCase:WebOnt-description-logic-663	entailment	entailed	factpp	Incomplete
TestCase:WebOnt-description-logic-663	entailment	entailed	hermit	Pass
TestCase:WebOnt-description-logic-663	entailment	entailed	pellet	Incomplete
TestCase:WebOnt-description-logic-664	consistency	consistent	factpp	Incomplete
TestCase:WebOnt-description-logic-664	consistency	consistent	hermit	Incomplete
TestCase:WebOnt-description-logic-664	consistency	consistent	pellet	Incomplete
TestCase:WebOnt-description-logic-664	entailment	entailed	factpp	Incomplete
TestCase:WebOnt-description-logic-664	entailment	entailed	hermit	Pass
TestCase:WebOnt-description-logic-664	entailment	entailed	pellet	Incomplete
TestCase:WebOnt-description-logic-903	consistency	consistent	factpp	Pass
TestCase:WebOnt-description-logic-903	consistency	consistent	hermit	Pass
TestCase:WebOnt-description-logic-903	consistency	consistent	pellet	Pass
TestCase:WebOnt-description-logic-903	entailment	entailed	factpp	Incomplete
TestCase:WebOnt-description-logic-903	entailment	entailed	hermit	Incomplete
TestCase:WebOnt-description-logic-903	entailment	entailed	pellet	Incomplete
TestCase:WebOnt-description-logic-904	consistency	consistent	factpp	Pass
TestCase:WebOnt-description-logic-904	consistency	consistent	hermit	Pass
TestCase:WebOnt-description-logic-904	consistency	consistent	pellet	Pass
TestCase:WebOnt-description-logic-904	entailment	not-entailed	factpp	Pass
TestCase:WebOnt-description-logic-904	entailment	not-entailed	hermit	Incomplete
TestCase:WebOnt-description-logic-904	entailment	not-entailed	pellet	Pass
TestCase:WebOnt-description-logic-906	consistency	consistent	factpp	Incomplete
TestCase:WebOnt-description-logic-906	consistency	consistent	hermit	Incomplete
TestCase:WebOnt-description-logic-906	consistency	consistent	pellet	Incomplete
TestCase:WebOnt-description-logic-907	consistency	consistent	factpp	Incomplete
TestCase:WebOnt-description-logic-907	consistency	consistent	hermit	Incomplete
TestCase:WebOnt-description-logic-907	consistency	consistent	pellet	Incomplete
TestCase:WebOnt-description-logic-909	consistency	inconsistent	factpp	Incomplete
TestCase:WebOnt-description-logic-909	consistency	inconsistent	hermit	Incomplete
TestCase:WebOnt-description-logic-909	consistency	inconsistent	pellet	Incomplete
TestCase:WebOnt-description-logic-910	consistency	inconsistent	factpp	Incomplete
TestCase:WebOnt-description-logic-910	consistency	inconsistent	hermit	Incomplete
TestCase:WebOnt-description-logic-910	consistency	inconsistent	pellet	Incomplete
TestCase:WebOnt-miscellaneous-011	consistency	consistent	factpp	Pass
TestCase:WebOnt-miscellaneous-011	consistency	consistent	hermit	Pass
TestCase:WebOnt-miscellaneous-011	consistency	consistent	pellet	Pass
TestCase:WebOnt-miscellaneous-011	entailment	entailed	factpp	Incomplete
TestCase:WebOnt-miscellaneous-011	entailment	entailed	hermit	Pass
TestCase:WebOnt-miscellaneous-011	entailment	entailed	pellet	Pass
